Variable Names,English,Spanish,Portuguese (Brazilian),Vietnamese,French,Korean,Amharic,Burmese,Arabic,Mandarin Chinese
this_is_normal,This is normal.,Esto es normal.,Isso é normal.,Việc này là bình thường.,C'est normal.,정상입니다.,ይህ የተለመደ ነው።,ဒါက ပုံမှန်ပါပဲ။,هذا طبيعي.,这很正常。
i_am_done,I am done!,¡Ya acabé!,Acabei!,Tôi đã làm xong!,C'est fait!,다 됐습니다!,ጨርሻለሁ!,ကျွန်ုပ်ပြီးသွားပါပြီ!,انتهيت!,已完成！
how_are_you_feeling,How are you feeling?,¿Cómo se siente?,Como está se sentindo?,Quý vị cảm thấy như thế nào?,Comment vous sentez-vous?,상태는 어떠십니까?,ምን ይሰማዎታል?,သင်ဘယ်လိုခံစားရပါသလဲ။,كيف تشعر؟,您感觉如何？
everything_is_okay,Everything is okay.,Todo está bien.,Tudo está em ordem.,Mọi thứ đều ổn.,Tout va bien.,모두 괜찮습니다.,ሁሉም ነገር ደህና ነው።,အားလုံးအဆင်ပြေပါတယ်။,كل شيء على ما يرام.,一切正常。
this_shouldnt_hurt,This shouldn't hurt.,Esto no debería doler.,Não deve machucar.,Làm như thế này sẽ không gây đau.,Cela ne devrait pas faire mal.,이것은 아프지 않습니다.,ይህ ማሳመም የለበትም።,ဒါက မနာကျင်နိုင်ပါဘူး။,ينبغي ألا تشعر بألم.,这不会疼的。
here_is_the_menu,Here is the menu.,Aquí está el menú.,Aqui está o cardápio.,Đây là thực đơn.,Voici le menu.,여기 메뉴가 있습니다.,ዝርዝሩን እነሆ።,မီနူး (menu) ဒီမှာပါ။,إليك القائمة.,这是菜单。
_have_you_eaten,Have you eaten?,¿Ha comido?,Comeu alguma coisa?,Quý vị đã ăn chưa?,Avez-vous mangé?,식사를 하셨습니까?,በልተዋል?,စားပြီးပြီလား။,هل أكلت؟,您吃了吗？
_what_have_you_eaten,What have you eaten?,¿Qué ha comido?,O que comeu?,Quý vị đã ăn gì?,Qu'avez-vous mangé?,무엇을 드셨습니까?,ምን በልተዋል?,သင်ဘာစားပြီးပြီလဲ။,ماذا أكلت؟,您吃的什么？
have_you_drank,Have you drank?,¿Ha bebido?,Bebeu alguma coisa?,Quý vị đã uống chưa?,Avez-vous bu?,술을 드셨습니까?,ጠጥተዋል?,သောက်ပြီးပြီလား။,هل شربت؟,您是否喝了水或者饮料？
how_much_have_you_drank,How much have you drank?,¿Cuánto ha bebido?,Quanto bebeu?,Quý vị đã uống bao nhiêu?,Vous avez bu quelle quantité?,액체 섭취는 얼마나 하셨습니까?,የጠጡት ምን ያህል ነው?,သင် ဘယ်လောက် သောက်ပြီးပြီလဲ။,كم مقدار الماء الذي شربته؟,您喝了多少水或者饮料？
have_you_used_the_bathroom,Have you used the bathroom?,¿Ha usado el baño?,Já usou o banheiro?,Quý vị đã đi vệ sinh chưa?,Avez-vous utilisé les toilettes?,화장실을 사용하셨습니까?,መታጠቢያ ቤቱን ተጠቅመዋል?,သန့်စင်ခန်း သုံးပြီးပြီလား။,هل استخدمت الحمام؟,您是否已用过卫生间？
has_the_bedding_been_changed,Has the bedding been changed?,¿Han cambiado las mantas de la cama?,A roupa de cama foi trocada?,Bộ đồ ga trải giường đã được thay chưa?,Est-ce que les draps ont été changée?,침구를 교체했습니까?,አልጋው ተለውጧል?,အိပ်ယာပြောင်းပြီးပြီလား။,هل تم تغيير الفراش؟,被褥换了吗？
you_can_only_have_ice_chips,You can only have ice chips right now.,Por ahora solo puede comer hielo picado.,Só pode ingerir pedacinhos de gelo no momento.,Quý vị chỉ được dùng đá bào lúc này.,On ne peut vous donner que des petits morceaux de glaçons pour le moment.,지금은 아이스칩만 드실 수 있습니다.,አሁን አይስ ቺፕስ ብቻ ነው ሊኖርዎት የሚችለው።,ယခုအချိန်တွင် ရေခဲတုံးလေးများသာ စားနိုင်ပါသည်။,يمكنك فقط تناول رقائق الثلج الآن.,您现在只能吃片状的冰块
you_cant_eat_right_now,You can't eat right now.,De momento no puede comer.,Não pode comer agora.,Quý vị không được ăn gì lúc này.,Vous ne pouvez pas manger pour le moment.,지금은 드실 수 없습니다.,አሁን መብላት አይችሉም።,သင် အခုချက်ချင်း စားလို့မရပါဘူး။,لا يمكنك أن تأكل الآن.,您现在不能进食。
you_need_to_stay_here_to_get_better,You need to stay here to get better.,Tiene que quedarse aquí para mejorarse.,Precisa ficar aqui para melhorar.,Quý vị cần phải ở lại đây để được khỏe hơn.,Vous avez besoin de rester ici pour aller mieux.,호전되시려면 여기에 머무셔야 합니다.,የተሻለ ለመሆን እዚህ መቆየት ያስፈልግዎታል።,သင်ပိုကောင်းလာဖို့ ဒီမှာပဲနေရပါမယ်။,تحتاج إلى البقاء هنا لتتحسن.,您需要呆在这里才能得到改善。
ill_get_something_for_you,I'll get something for you.,Le voy a traer algo.,Vou pegar alguma coisa para você.,Tôi sẽ lấy thứ gì đó cho quý vị.,Je vais vous chercher quelque chose.,뭘 좀 가져다 드리겠습니다.,የሆነ ነገር አመጣልዎታለሁ።,သင့်အတွက် ကျွန်ုပ်တစ်ခုခု ယူပေးပါ့မယ်။,سأطلب شيئًا لك.,我给您拿点东西。
ill_get_that_for_you,I'll get that for you.,Yo le traigo eso.,Vou buscar para você.,Tôi sẽ lấy cái đó cho quý vị.,Je vais aller chercher ça pour vous.,제가 가져다 드리겠습니다.,ያን ነገር አመጣልዎታለሁ።,သင့်အတွက် ဒါကို ယူပေးပါမယ်။,سأطلب ذلك لك.,我给您拿。
does_this_hurt,Does this hurt?,¿Esto le duele?,Está doendo?,Làm như thế này có đau không?,Est-ce que ça fait mal?,이렇게 하면 아프십니까?,ይህ ያማል?,နာကျင်ပါသလား။,هل هذا يؤلمك؟,这痛吗？
do_you_want_medicine,Do you want medicine?,¿Quieres medicina?,Quer tomar remédio?,Quý vị có muốn dùng thuốc không?,Voulez-vous des médicaments?,약을 원하십니까?,መድሃኒት ይፈልጋሉ?,ဆေးလိုချင်ပါသလား။,هل تريد الدواء؟,您要吃药吗？
im_getting_help,I'm getting help.,He pedido ayuda.,Vou pedir ajuda.,Tôi sẽ nhờ người giúp.,Je vais demander de l'aide.,도움을 요청하겠습니다.,እርዳታ እያገኘሁ ነው።,ကျွန်ုပ် အကူအညီယူနေပါတယ်။,أتلقى المساعدة.,我正在获取帮助。
im_working_to_help,I'm working to help.,Estoy intentando conseguir ayuda.,Estou tentando ajudar.,Tôi đang cố gắng giúp.,Je suis ici pour vous aider.,도와드리고 있습니다.,ለመርዳት እየሰራሁ ነው።,ကျွန်ုပ် ကူညီဖို့ လုပ်ဆောင်နေပါတယ်။,أعمل للمساعدة.,我正在努力提供帮助。
let_me_call_an_interpreter,Let me call an interpreter.,Déjeme llamar a un intérprete.,Vou chamar um intérprete.,Để tôi gọi thông dịch viên.,Permettez-moi d'appeler un interprète.,통역사를 부르겠습니다.,ወደ አስተርጓሚ ልደውል።,စကားပြန်ခေါ်လိုက်ဦးမယ်။,اسمح لي أن أطلب مترجمًا شفويًا.,我叫口译员过来。
doctor_is_here_today,Doctor is here today.,El doctor está aquí hoy.,O médico está aqui hoje.,Hôm nay bác sĩ có ở đây.,Le docteur est ici aujourd'hui.,오늘은 의사가 계십니다.,ዶክተር ዛሬ እዚህ አሉ።,ဒီ​နေ့ ဆရာဝန် ရှိပါတယ်။,الطبيب هنا اليوم.,今天医生在。
im_calling_the_doctor_for_you,I'm calling the doctor for you.,Estoy llamando al doctor por usted.,Vou chamar o médico para você.,Tôi đang gọi bác sĩ cho quý vị.,J'appelle le docteur pour vous.,의사를 부르겠습니다.,ዶክተሩን እየጠራሁልዎት ነው።,သင့်အတွက် ဆရာဝန်ခေါ်နေပါတယ်။,أتصل بالطبيب من أجلك.,我帮您叫医生。
waiting_for_doctor,Waiting for doctor.,Estoy esperando al doctor.,Vamos aguardar o médico.,Đang chờ bác sĩ.,Nous attendons le docteur.,의사를 기다리고 있습니다.,ዶክተርን እየጠበቁ ነው።,ဆရာဝန်ကို စောင့်နေပါတယ်။,في انتظار الطبيب.,正在等医生。
im_not_sure_ill_find_out,I'm not sure; I'll find out.,No lo sé; voy a averiguarlo.,Não sei; mas vou perguntar.,Tôi không chắc lắm tôi sẽ tìm hiểu.,Je ne suis pas sûr(e); je vais trouver.,잘 모르겠습니다. 알아보겠습니다.,እርግጠኛ አይደለሁም፣ አጣራለሁ።,မသေချာပါဘူး။ ကျွန်ုပ်စုံစမ်းကြည့်ပါမယ်။,لست متأكدًا، سأتبين ذلك.,我不太确定，我会查清楚的。
im_touching_to_check_on_you,I'm touching to check on you.,Voy a tocarle para ver si todo está bien.,Vou tocar para ver como você está.,Tôi đang chạm vào để kiểm tra quý vị.,Je vous touche pour vérifier comment vous allez.,확인하기 위해 만져보겠습니다.,እርስዎን ለማየት እየነካሁዎት ነው።,သင့်ကိုစစ်ဆေးဖို့ ကိုင်တွယ်ထိတွေ့ပါပြီ။,ألمسك للاطمئنان عليك.,我正在通过触摸对您进行检查。
someone_else_is_coming_in_to_help,Someone else is coming in to help.,Alguien más va a venir a ayudar.,Outra pessoa está chegando para ajudar.,Có người đang tới để giúp.,Quelqu'un va venir pour aider.,다른 사람이 와서 도와드릴겁니다.,ሌላ ሰው ለመርዳት እየመጣ ነው።,တခြားတစ်ဦးက ကူညီရန် လာနေပါတယ်။,شخص آخر سيأتي للمساعدة.,还有其他人会来帮忙。
my_number_is_on_the_board,My number is on the board.,Mi número está en la pizarra.,Meu número está no quadro.,Số của tôi ở trên bảng.,Mon numéro est sur la tablette.,제 번호는 게시판에 있습니다.,የእኔ ቁጥር ሰሌዳ ላይ አለ።,ကျွန်ုပ်နံပါတ်သည် ဘုတ်ပေါ်တွင်ရှိပါတယ်။,رقمي موجود على اللوحة.,我的号码写在板上。
dont_hesitate_to_call_on_me,Don't hesitate to call on me.,No dude en llamarme.,Pode me chamar.,Đừng ngần ngại gọi cho tôi.,N'hésitez pas à m'appeler.,주저하지 마시고 저를 부르십시오.,ለእኔ ለመደወል አያመንቱ።,ကျွန်ုပ်ကိုခေါ်ဖို့ တုံ့ဆိုင်းမနေပါနဲ့။,لا تتردد في الاتصال بي.,您可以随时打电话给我
do_you_need_anything_from_me,Do you need anything from me?,¿Necesita algo más?,Precisa de alguma coisa?,Quý vị có cần tôi việc gì không?,Avez-vous besoin d'autre chose de ma part?,제가 더 도와드릴 게 있습니까?,ከእኔ የሆነ ነገር ይፈልጋሉ?,ကျွန်ုပ်ဆီက တစ်ခုခုလိုပါသေးလား။,هل تحتاج أي شيء مني؟,我能为您提供些什么吗？
can_i_get_you_anything_water,Can I get you anything? water?,¿Puedo traerle algo? ¿Agua quizás?,Posso buscar alguma coisa? Água?,Quý vị có muốn tôi lấy cho quý vị cái gì không? như nước chẳng hạn?,Est-ce que je peux vous donner quelque-chose? de l'eau?,물이나 뭐를 좀 갖다 드릴까요?,ምን ላምጣልዎ፣ ውሃ?,သင့်ကို တစ်ခုခုယူပေးရမလား၊ ရေ ယူပေးရမလား။,هل يمكنني أن أحضر لك أي شيء، الماء؟,您需要我给您拿什么吗？要水吗？
ill_be_right_back,I'll be right back.,Ahora vuelvo.,Já volto.,Tôi sẽ trở lại ngay.,Je reviens rapidement.,곧 돌아오겠습니다.,ቶሎ እመለሳለዉ።,ကျွန်ုပ်ပြန်လာခဲ့မယ်။,سأعود حالا.,我马上回来。
im_leaving_now,I'm leaving now.,Me voy ahora.,Estou indo embora.,Tôi đi đây.,Je pars maintenant.,저는 그럼 이만 가보겠습니다.,አሁን እየሄድኩ ነው።,ကျွန်ုပ်သွားပါတော့မယ်။,سأغادر الآن.,我要走了。
_30_mins,30 mins.,30 minutos.,Trinta minutos.,30 phút.,30 min.,30분.,30 ደቂቃ።,မိနစ် 30,30 دقيقة.,30 分钟。
_1_hour,1 hour.,1 hora.,Uma hora.,1 tiếng đồng hồ.,1 heure.,1시간.,1 ሰዓት።,1 နာရီ။,ساعة.,1 小时。
_2_hours,2 hours.,2 horas.,Duas horas.,2 tiếng đồng hồ.,2 heures.,2시간.,2 ሰዓታት።,2 နှစ်ရီ။,ساعتان.,2 小时。
_4_hours,4 hours.,4 horas.,Quatro horas.,4 tiếng đồng hồ.,4 heures.,4시간.,4 ሰዓታት።,4 နာရီ။,4 ساعات.,4 小时。
_8_hours,8 hours.,8 horas.,Oito horas.,8 tiếng đồng hồ.,8 heures.,8시간.,8 ሰዓታት።,8 နာရီ။,8 ساعات.,8 小时。
after_breakfast,After breakfast.,Después del desayuno.,Depois do café da manhã.,Sau bữa sáng.,Après le petit-déjeuner.,아침 식사 후에.,ከቁርስ በኋላ።,မနက်စာစားပြီးနောက်။,بعد الفطور.,早饭后。
after_lunch,After lunch.,Después del almuerzo.,Depois do almoço.,Sau bữa trưa.,Après le repas de midi.,점심 식사 후에.,ከምሳ በኋላ።,နေ့လည်စာစားပြီး။,بعد الغداء.,午饭后。
after_dinner,After dinner.,Después de la cena.,Depois do jantar.,Sau bữa tối.,Après le repas du soir.,저녁 식사 후에.,ከዕራት በኋላ።,ညစာစားအပြီး။,بعد العشاء.,晚饭后。
after_surgery,After surgery.,Después de cirugía.,Depois da cirurgia.,Sau phẫu thuật.,Après la chirurgie.,수술 후에.,ከቀዶ ጥገና በኋላ።,ခွဲစိတ်ပြီးနောက်။,بعد الجراحة.,手术后。
after_the_test,After the test.,Después del test.,Depois do exame.,Sau xét nghiệm.,Après le test.,검사 후에.,ከምርመራ በኋላ።,စမ်းသပ်ပြီးနောက်။,بعد الاختبار.,检查后。
occupational_therapy,I am from occupational therapy.,Soy de terapia ocupacional.,Sou da área de terapia ocupacional.,Tôi đến từ ban trị liệu chức năng hoạt động.,Je viens du service d'ergothérapie.,저는 작업 치료 소속입니다.,እኔ የመጣሁት ከስራ ቴራፒ ነው።,ကျွန်ုပ်သည် လုပ်ငန်းခွင်ကုထုံးမှ ဖြစ်သည်။,أنا متخصص علاج وظيفي.,我是职业治疗师。
physical_therapy,I am from physical therapy.,Soy de fisioterapia.,Sou da área de fisioterapia.,Tôi đến từ ban vật lý trị liệu.,Je viens du service de kinésithérapie.,저는 물리 치료 소속입니다.,እኔ የመጣሁት ከአካላዊ ቴራፒ ነው።,ကျွန်ုပ်သည် ရုပ်ပိုင်းဆိုင်ရာကုထုံးမှ ဖြစ်သည်။,أنا متخصص علاج طبيعي.,我是物理治疗师。
speech_therapy,I am from speech therapy.,Soy de terapia del habla.,Sou da área de fonoaudiologia.,Tôi đến từ ban trị liệu âm ngữ.,Je viens du service d'orthophonie.,저는 언어 치료 소속입니다.,እኔ የመጣሁት ከንግግር ቴራፒ ነው።,ကျွန်ုပ်သည် စကားပြောကုထုံးမှ ဖြစ်သည်။,أنا متخصص علاج النطق.,我是言语治疗师。
waiting_for_an_interpreter,We are waiting for an interpreter.,Estamos esperando a un intérprete.,Estamos esperando um intérprete.,Chúng tôi đang chờ thông dịch viên.,Nous attendons l'interprète.,통역사를 기다리고 있습니다.,አስተርጓሚ እየጠበቅን ነው።,ကျွန်ုပ်တို့ စကားပြန်ကို စောင့်နေကြပါတယ်။,نحن في انتظار المترجم الشفوي.,我们在等口译员。
good_time_for_therapy,Would now be a good time for therapy?,¿Sería ahora un buen momento para la terapia?,Agora é um bom momento para fazer a terapia?,Bây giờ có phải là thời điểm thích hợp để trị liệu không?,Est-ce un bon moment pour faire la thérapie?,지금 치료를 해도 되겠습니까?,አሁን ለቴራፒ ጥሩ ጊዜ ይሆናል?,ဘယ်အချိန်ဟာ ကုသမှုအတွက် အချိန်ကောင်းဖြစ်မလဲ။,هل الوقت مناسب الآن للعلاج؟,我们现在开始进行治疗可以吗？
therapy_in_the_morning,Would you prefer to have therapy in the morning?,¿Prefiere tener terapia por la mañana?,Prefere fazer terapia pela manhã?,Quý vị có muốn trị liệu vào buổi sáng không?,Préféreriez-vous faire la thérapie le matin?,아침에 치료받기를 원하십니까?,ጠዋት ላይ ቴራፒ ማግኘት ይፈልጋሉ?,ကုထုံးကို မနက်ခင်းမှာ လိုချင်ပါသလား။,هل تُفضل الحصول على العلاج في الصباح؟,您想在早上接受治疗吗？
therapy_in_the_afternoon,Would you prefer to have therapy in the afternoon?,¿Prefiere tener terapia por la tarde?,Prefere fazer terapia à tarde?,Quý vị có muốn trị liệu vào buổi chiều không?,Préféreriez-vous faire la thérapie l'après-midi?,오후에 치료받기를 원하십니까?,ከሰዓት በኋላ ቴራፒ ማግኘት ይፈልጋሉ?,ကုသမှုကို နေ့ခင်းဘက်မှာ လိုချင်ပါသလား။,هل تُفضل الحصول على العلاج في فترة ما بعد الظهر؟,您想在下午接受治疗吗？
observe_child_eating,I would like to see how your child eats.,Me gustaría ver cómo su hijo/a come.,Gostaria de ver como a criança se alimenta.,Tôi muốn xem con quý vị ăn như thế nào.,J'aimerais voir comment votre enfant mange.,아이가 어떻게 먹는지 보고 싶습니다.,ልጅዎ እንዴት እንደሚመገብ ማየት እፈልጋለሁ።,သင့်ကလေး ဘယ်လိုအစာစားလဲ ကြည့်ချင်ပါတယ်။,أود أن أرى كيف يأكل طفلك.,我想看看您孩子的进食情况。
observe_child_meal_time,I would like to see your child during a meal time today.,Me gustaría ver a su hijo/a durante la comida de hoy.,Gostaria de ver a criança durante a refeição de hoje.,Tôi muốn gặp con quý vị trong giờ ăn hôm nay.,J'aimerais voir votre enfant à l'heure du repas aujourd'hui.,오늘 식사 시간에 아이를 보고 싶습니다.,ዛሬ በምግብ ሰዓት ልጅዎን ማየት እፈልጋለሁ።,ဒီနေ့ ထမင်းစားချိန်မှာ သင့်ကလေးနဲ့ တွေ့ချင်ပါတယ်။,أود أن أرى طفلك أثناء تناول وجبة الطعام اليوم.,我想在今天吃饭的时候看看您的孩子。
thank_you,Thank you.,Gracias.,Agradeço.,Cám ơn quý vị.,Merci.,감사합니다.,አመሰግናለሁ።,ကျေးဇူးတင်ပါသည်။,شكرًا لك.,谢谢。
hold_your_child,Would you like to hold your child?,¿Le gustaría sostener a su hijo/a?,Quer segurar a criança?,Quý vị có muốn bồng con mình không?,Voulez-vous tenir votre enfant?,아이를 안고 싶으세요?,ልጅዎን መያዝ ይፈልጋሉ?,သင့်ကလေးကို ပွေ့ချီလိုပါသလား။,هل ترغب في حمل طفلك؟,您要抱着您的孩子吗？
dont_get_child_out_of_bed,Please don't get your child out of bed without help.,Por favor no saque a su hijo/a de la cama sin ayuda.,Não retire a criança da cama se não tiver ajuda.,Vui lòng đừng đưa con quý vị ra khỏi giường mà không có sự giúp đỡ.,Ne sortez pas votre enfant du lit sans aide.,도움 없이는 아이를 침대에서 꺼내지 마세요.,እባክዎ ያለ እርዳታ ልጅዎን ከአልጋው ላይ አያንሱት።,အကူအညီမပါဘဲ သင့်ကလေးကို အိပ်ရာပေါ်ကနေ မချီထုတ်ပါနဲ့။,من فضلك لا تخرج طفلك من السرير دون مساعدة.,请不要在无协助的情况下让您的孩子下床。
help_get_child_out_of_bed,I will help get your child out of bed.,Voy a ayudarle a sacar a su hijo/a de la cama.,Vou ajudar a retirar a criança da cama.,Tôi sẽ giúp đưa con quý vị ra khỏi giường.,Je vais aider à sortir votre enfant du lit.,제가 아이가 침대 밖으로 나오게 돕겠습니다,ልጅዎን ከአልጋው እንዲያነሳው እረዳዋለሁ።,သင့်ကလေးကို အိပ်ယာထဲကထုတ်ဖို့ ကျွန်ုပ်ကူညီပါမယ်။,سوف أساعد في إخراج طفلك من السرير.,我会帮您的孩子下床。
need_to_rest,Do you need to rest?,¿Necesita descansar?,Precisa descansar?,Quý vị có cần nghỉ ngơi không?,Voulez-vous vous reposer?,휴식이 필요하십니까?,ዕረፍት ያስፈልግዎታል?,အနားယူရန် လိုအပ်ပါသလား။,هل تحتاج إلى الراحة؟,你需要休息吗？
need_the_nurse,Do you need the nurse?,¿Necesita a la enfermera?,Precisa da enfermagem?,Quý vị có cần y tá không?,Avez-vous besoin de l'infirmier ou infirmière?,간호사가 필요하십니까?,ነርሷን ይፈልጋሉ?,သူနာပြုလိုအပ်ပါသလား။,هل تحتاج الممرضة؟,你需要护士吗？
need_help,Do you need help?,¿Necesita ayuda?,Precisa de ajuda?,Quý vị có cần giúp đỡ không?,Avez-vous besoin d'aide?,도움이 필요하십니까?,እርዳታ ይፈልጋሉ?,အကူအညီလိုပါသလား။,هل تحتاج مساعدة؟,您需要帮助吗？
you_can_go_back_to_the_room,You can go back to the room.,Puede volver a la habitación anterior.,Pode voltar para o quarto.,Quý vị có thể trở lại phòng.,Vous pouvez retourner dans votre chambre.,병실로 돌아가셔도 됩니다.,ወደ ክፍሉ መመለስ ይችላሉ።,သင် အခန်းထဲပြန်သွားနိုင်ပါတယ်။,يمكنك العودة إلى الغرفة.,你可以回房间了。
your_childs_name_will_be_on_the_door,Your child's name will be on the door.,El nombre de su hijo o hija estará la puerta.,O nome da criança vai estar na porta.,Tên của con quý vị sẽ ở trên cửa.,Le nom de votre enfant sera sur la porte.,아이의 이름이 문에 적혀 있습니다.,የልጅዎ ስም በሩ ላይ ይሆናል።,သင့်ကလေး၏အမည်ကို တံခါးတွင် ရေးထားပါလိမ့်မယ်။,سيكون اسم طفلك على الباب.,门上会有您孩子的名字。
please_take_off_your_shoes_and_stand_on_the_scale,Please take off your shoes and stand on the scale.,Por favor quítese los zapatos y póngase en la escala.,Tire os sapatos e fique de pé na balança.,Vui lòng cởi giày và đứng lên chiếc cân.,Veuillez enlever vos chaussures et monter sur la balance.,신발을 벗고 저울 위에 서십시오.,እባክዎ ጫማዎን ያውልቁ እና በሚዛኑ ላይ ይቁሙ።,ဖိနပ်ကိုချွတ်ပြီး ကိုယ်အလေးချိန်စက်စကေးပေါ်မှာ မတ်တပ်ရပ်ပါ။,يُرجى خلع حذائك والوقوف على الميزان.,请脱鞋，站在秤上。
i_am_going_to_put_stickers_on_your_chest,I am going to put stickers on your chest.,Voy a ponerle pegatinas en el pecho.,Vou colocar adesivos no seu peito.,Tôi sẽ dán các miếng dán lên ngực quý vị.,Je vais mettre des autocollants sur votre poitrine.,가슴에 스티커를 붙이겠습니다.,ተለጣፊዎችን በደረትዎ ላይ አስቀምጣለሁ።,သင့်ရင်ဘတ်မှာ စတစ်ကာတွေ ကပ်ထားပါမယ်။,سأضع لاصقات على صدرك.,我会在你的胸前贴上贴片。
i_am_going_to_put_a_heart_monitor,I am going to put a heart monitor.,Voy a ponerle un medidor del corazón.,Vou colocar um monitor cardíaco.,Tôi sẽ đặt máy đo nhịp tim.,Je vais mettre en place un moniteur cardiaque.,심장 모니터를 놓겠습니다.,የልብ መቆጣጠሪያ አስቀምጣለሁ።,နှလုံးမော်နီတာ တပ်ပါမယ်။,سأضع مراقبة القلب.,我会放一个心脏监护仪。
please_take_off_your_shirt,Please take off your shirt.,Por favor quítese la camisa.,Tire sua camisa.,Vui lòng cởi áo ra.,S'il vous plaît enlevez votre chemise.,셔츠를 벗으십시오.,እባክዎን ሸሚዝዎን ያውልቁ።,ကျေးဇူးပြုပြီး အင်္ကျီချွတ်ပါ။,يُرجى خلع قميصك.,请脱掉您的上衣。
these_wires_are_going_to_hold_the_stickers,These wires are going to hold the stickers.,Estos cables van a sostener las pegatinas.,Os fios vão segurar os adesivos.,Những sợi dây này sẽ giữ các miếng dán.,Ces fils vont retenir les autocollants.,이 와이어가 스티커를 고정합니다.,እነዚህ ገመዶች ተለጣፊዎችን ይይዛሉ።,ဒီဝါယာကြိုးတွေက စတစ်ကာတွေကို ထိန်းထားပါမယ်။,سيتم توصيل هذه الأسلاك باللاصقات.,这些导线用于固定贴片。
nothing_will_hurt_today,Nothing will hurt today.,Nada dolerá hoy.,Não vai doer nada.,Sẽ không có gì gây đau cả.,Rien ne fera mal aujourd'hui.,오늘, 아프지 않을 것입니다.,ዛሬ ምንም አያምም።,ဒီနေ့ နာကျင်စရာ ဘာမှမလုပ်ပါဘူး။,لن يؤلمك شيء اليوم.,今天不会对您造成任何疼痛。
we_wont_do_shots_or_blood_work,We won't do shots or blood work.,No haremos inyecciones ni sacaremos sangre.,Não vamos dar vacina e nem fazer exame de sangue.,Chúng tôi sẽ không chích hoặc làm xét nghiệm máu.,Nous ne ferons pas de piqûres ni d'analyses de sang.,주사를 놓거나 혈액 체취는 하지 않을겁니다.,መርፌ የመውጋት ወይም የደም ምርመራ አንሰራም።,ဆေးထိုးတာ ဒါမှမဟုတ် သွေးနဲ့ပတ်သတ်တာ မလုပ်ပါဘူး။,لن نقوم بالحقن أو فحص الدم.,我们不会进行注射或血液检查。
this_doesnt_hurt_but_may_feel_cold,This doesn't hurt but may feel cold.,Esto no duele pero puede sentir frío.,Não dói mas pode ser geladinho.,Làm thế này không đau nhưng có thể cảm thấy lạnh.,Cela ne fait pas mal mais peut être froid.,이것은 아프지는 않지만 차갑게 느껴질 수 있습니다.,ይህ አያምም፣ ነገር ግን ቅዝቃዜ ሊሰማዎ ይችላል።,ဒါက မနာကျင်ပေမယ့် အေးနိုင်ပါတယ်။,هذا لا يؤلم، ولكن قد يُشعر ببعض البرد.,这不疼，但您可能会感觉凉凉的。
please_lay_on_your_left_side,Please lay on your left side.,Por favor acuéstese sobre su lado izquierdo.,Deite-se virando para o lado esquerdo.,Vui lòng nằm nghiêng về bên trái.,Veuillez-vous allonger sur le côté gauche.,왼쪽으로 누우십시오.,እባክዎ በግራ ጎንዎ ይተኙ።,ဘယ်ဘက်စောင်းအိပ်ပေးပါ။,يُرجى الاستلقاء على جانبك الأيسر.,请左侧卧。
please_fold_your_left_arm_so_your_head_lays_on_it,Please fold your left arm so your head lays on it.,Por favor doble su brazo izquierdo para reposar su cabeza.,Dobre o braço esquerdo deixando a cabeça sobre o braço.,Vui lòng gập cánh tay trái của quý vị để đầu quý vị tựa vào đó.,Veuillez plier votre bras gauche pour que votre tête repose dessus.,왼쪽 팔을 접고 그 위에 머리를 놓으십시오.,እባኮክዎ ግራ ክንድዎን በማጠፍ ጭንቅላትዎ እላዩ እንዲተኛ ያድርጉ።,ဘယ်ဘက်လက်မောင်းကို ကွေးထားပြီး အဲ့ဒီအပေါ် ခေါင်းတင်ပါ။,من فضلك قم بطي ذراعك اليسرى بحيث تضع رأسك عليها.,请弯曲您的左臂，将头靠在手臂上。
i_am_going_to_put_3_stickers_on_your_chest,I am going to put 3 stickers on your chest.,Voy a poner 3 pegatinas en su pecho.,Vou colocar três adesivos no seu peito.,Tôi sẽ dán 3 miếng dán lên ngực quý vị.,Je vais mettre 3 autocollants sur la poitrine.,가슴에 스티커 3개를 붙이겠습니다.,በደረትዎ ላይ 3 ተለጣፊዎችን ላስቀምጥ ነው።,သင့်ရင်ဘတ်မှာ စတစ်ကာ 3 ခု ကပ်ပါမယ်။,سأضع ثلاث لاصقات على صدرك.,我会在你的胸前贴上3个贴片。
i_am_going_to_connect_wires_to_the_stickers,I am going to connect wires to the stickers.,Voy a conectar cables a las pegatinas.,Vou conectar os fios aos adesivos.,Tôi sẽ kết nối dây với miếng dán.,Je vais connecter des fils aux autocollants.,스티커에 와이어를 연결하겠습니다.,ገመዶችን ከተለጣፊዎች ጋር ላገናኝ ነው።,စတစ်ကာတွေကို ဝါယာကြိုးတွေ တပ်ပါမယ်။,سأقوم بتوصيل الأسلاك باللاصقات.,我要将导线连接至贴片。
please_lay_down_on_the_table,Please lay down on the table.,Por favor túmbese en la mesa.,Deite-se na maca.,Vui lòng nằm xuống bàn.,Veuillez-vous allonger sur la table.,테이블 위에 누우십시오.,እባክዎ ጠረጴዛው ላይ ይተኙ።,ကျေးဇူးပြုပြီး စားပွဲပေါ်လှဲအိပ်ပါ။,يُرجى الاستلقاء على الطاولة.,请趴在桌子上。
medicine_will_make_you_sleep,This medicine will make you sleep.,Este medicamento le hará dormirse.,O medicamento vai fazer você dormir.,Thuốc này sẽ làm quý vị buồn ngủ.,Ce médicament vous fera dormir.,이 약은 잠들게 해줍니다.,ይህ መድሃኒት እንቅልፍ እንዲተኙ ያደርግዎታል።,ဒီဆေးက သင့်ကို အိပ်ပျော်စေပါလိမ့်မယ်။,هذا الدواء سوف يجعلك تنام.,这种药会让您入睡。
stay_in_bed,Stay in the bed.,Por favor quédese en cama.,Fique na cama.,Hãy tiếp tục ở trên giường.,Restez dans le lit.,침대에 있으십시오.,አልጋው ላይ ይቆዩ።,အိပ်ရာထဲမှာနေပါ။,ابق في السرير.,请待在床上。
giving_tylenol,I'm giving Tylenol.,Voy a darle paracetamol.,Estou dando Tylenol.,Tôi đang cho dùng thuốc Tylenol.,Je donne du Tylenol.,타이레놀을 드리겠습니다.,ታይሊኖል እየሰጠሁ ነው።,ကျွန်ုပ် အနာသက်သာအဖျားကျဆေး Tylenol ပေးနေပါတယ်။,أنا أعطي دواء تايلينول.,我正在给患者吃泰诺。
giving_ubiprofen,I'm giving ibuprofen.,Voy a darle ibuprofeno.,Estou dando ibuprofeno.,Tôi đang cho dùng thuốc ibuprofen.,Je donne de l'ibuprofène.,이부로펜을 드리겠습니다.,አይቡፕሮፌን እየሰጠሁ ነው።,ကျွန်ုပ် အကိုက်ခဲပျောက်ဆေး ibuprofen ပေးနေပါတယ်။,أنا أعطي دواء ايبوبروفين.,我正在给患者吃布洛芬。
do_you_need_an_interpreter,Do you need an interpreter?,¿Necesita un intérprete?,Precisa de intérprete?,Quý vị có cần thông dịch viên không?,Avez-vous besoin d'un interprète?,통역사가 필요하십니까?,አስተርጓሚ ይፈልጋሉ?,စကားပြန်လိုပါသလား?,هل تحتاج إلى مترجم شفوي؟,您是否需要口译员？
has_the_doctor_called_you_today_with_an_update_on_your_baby,Has the doctor called you today with an update on your baby?,¿Ha llamado el médico hoy con alguna novedad sobre su bebé?,O médico ligou hoje para saber como está o bebê?,Hôm nay bác sĩ có gọi cho quý vị để thông báo tin tức về con quý vị không?,Le docteur vous a-t-il appelé(e) aujourd'hui pour vous donner des nouvelles de votre bébé?,오늘 의사가 아기에 관한 소식을 알려줬습니까?,ስለ ልጅዎ ወቅታዊ መረጃ ዶክተሩ ዛሬ ደውሎልዎታል?,သင့်ကလေးရဲ့ နောက်ဆုံးအခြေအနေပြောရန် ဆရာဝန်က ဒီနေ့ သင့်ကို ဖုန်းဆက်ပြီးပြီလား။,هل اتصل بك الطبيب اليوم لإبلاغك بآخر مستجدات حالة طفلك؟,医生今天是否有向您致电，告知宝宝的最新情况？
do_you_have_any_questions,Do you have any questions?,¿Tiene alguna pregunta?,Alguma pergunta?,Quý vị có điều gì thắc mắc không?,Avez-vous des questions?,질문이 있으십니까?,ማንኛውም ዓይነት ጥያቄዎች አልዎት?,သင့်တွင် မေးခွန်းများ ရှိပါသလား။,هل لديك أسئلة؟,您有什么需要解答的问题吗？
do_you_want_to_speak_with_a_lactation_consultant_or_nurse,Do you want to speak with a lactation consultant (or nurse)?,¿Quiere hablar con una consultora de lactancia (o enfermera)?,Quer falar com a consultoria de lactação (ou a enfermagem)?,Quý vị có muốn nói chuyện với chuyên viên tư vấn (hoặc y tá) về nuôi con bằng sữa mẹ không?,Souhaitez-vous parler avec une consultante en lactation (ou une infirmière)?,수유 상담사 또는 간호사와 얘기하고 싶으십니까?,ከጡት ማጥባት አማካሪ (ወይም ነርስ) ጋር መመካከር ይፈልጋሉ?,နို့တိုက်ရန် အတိုင်ပင်ခံ (သို့မဟုတ် သူနာပြု) နှင့် စကားပြောလိုပါသလား။,هل تريدين التحدث مع استشاري الرضاعة (أو الممرضة)؟,您想与哺乳顾问（或护士）交谈吗？
do_you_want_to_help_with_oral_care,Do you want to help with oral care?,¿Quiere ayudar con el cuidado oral?,Quer ajudar com os cuidados bucais?,Quý vị có muốn giúp chăm sóc răng miệng không?,Voulez-vous aider avec les soins bucco-dentaires?,구강 관리를 도와주시겠습니까?,ለአፍ እንክብካቤ ዕርዳታ ይፈልጋሉ?,သွားနှင့်ခံတွင်း စောင့်ရှောက်မှုအတွက် ကူညီလိုပါသလား။,هل تريد المساعدة في العناية بالفم؟,您想要协助进行口腔护理吗？
do_you_want_to_help_change_the_diaper,Do you want to help change the diaper?,¿Quiere ayudar a cambiar el pañal?,Quer ajudar a trocar a fralda?,Quý vị có muốn giúp thay tã không?,Voulez-vous aider à changer la couche?,기저귀 교체를 도와주시겠습니까?,ዳይፐር ለመቀየር ዕርዳታ ይፈልጋሉ?,သေးခံ (diaper) အသစ်လဲဖို့ ကူညီချင်ပါသလား။,هل تريد المساعدة في تغيير الحفاض؟,您想要协助换尿布吗？
do_you_want_to_take_the_babys_temperature,Do you want to take the baby's temperature?,¿Quiere tomar la temperatura del bebé?,Quer tirar a temperatura do bebê?,Quý vị có muốn đo nhiệt độ của em bé không?,Vous souhaitez prendre la température de bébé?,아기의 체온 재기를 원하십니까?,የሕፃኑን ሙቀት መለካት ይፈልጋሉ?,ကလေးကို အပူချိန်တိုင်းချင်ပါသလား။,هل تريد قياس درجة حرارة الطفل؟,您需要给宝宝量体温吗？
do_you_want_to_hold_your_baby,Do you want to hold your baby?,¿Quiere sostener a su bebé?,Quer segurar o bebê?,Quý vị có muốn bồng em bé không?,Voulez-vous tenir votre bébé?,아이를 안고 싶으십니까?,ልጅዎን መያዝ ይፈልጋሉ?,ကလေးကို ပွေ့ချီလိုပါသလား။,هل تريد أن تحمل طفلك؟,您想要抱宝宝吗？
do_you_want_to_hold_your_baby_skin_to_skin,Do you want to hold your baby skin to skin?,¿Quiere sostener a su bebé piel con piel?,Quer segurar o bebê fazendo contato com a pele?,Quý vị có muốn bồng em bé theo kiểu da áp da không?,Voulez-vous faire du peau-à-peau avec votre bébé?,서로 피부가 닿도록 아이를 안고 싶으십니까?,ልጅዎን ቆዳ ለቆዳ ንክኪ ባለው መልኩ መያዝ ይፈልጋሉ?,ကလေးကို သင့်အသားနှင့်ထိထားပြီး ပွေ့ချီလိုပါသလား။,هل تريدين حمل طفلك ملامسًا لجلدك؟,您想和您的宝宝进行肌肤接触吗？
do_you_need_more_bottles_for_your_milk_for_home,Do you need more bottles for your milk for home?,¿Necesita más biberones para la leche en casa?,Precisa de mais mamadeiras para o leite em casa?,Quý vị có cần thêm bình sữa để mang về nhà không?,Avez-vous besoin de biberons supplémentaires pour votre lait à la maison?,집에서 모유를 짤 우유병이 더 필요하십니까?,ለቤትዎ ወተት ተጨማሪ ጠርሙሶች ይፈልጋሉ?,အိမ်မှာ သင့်နို့ရည်ထည့်ရန် ဗူးများထပ်လိုပါသလား။,هل تحتاجين إلى المزيد من زجاجات الحليب للمنزل؟,您家里需要更多奶瓶吗？
provide_urine_sample,Can you provide a urine sample?,¿Puede proporcionar una muestra de orina?,Pode dar uma amostra de urina?,Quý vị có thể cung cấp mẫu nước tiểu không?,Pourriez-vous nous donner un échantillon d'urine?,소변 샘플을 제공해 주실 수 있습니까?,የሽንት ናሙና ማቅረብ ይችላሉ?,ဆီးနမူနာ ပေးနိုင်ပါသလား။,هل يمكنك تقديم عينة البول؟,您能提供尿液样本吗？
seen_surgeon,Have you seen the surgeon?,¿Ha visto al cirujano?,Já falou com o cirurgião?,Quý vị đã gặp bác sĩ giải phẫu chưa?,Avez-vous vu le chirurgien?,외과 의사를 만나셨습니까?,የቀዶ ጥገና ሐኪሙን አይተዋል?,ခွဲစိတ်ဆရာဝန်နဲ့ တွေ့ဖူးပါသလား။,هل فحصك الجراح؟,您见到外科医生了吗？
seen_anesthiologist,Have you seen the anesthiologist?,¿Ha visto al anestesista?,Já falou com o anestesiologista?,Quý vị đã gặp bác sĩ gây tê/gây mê chưa?,Avez-vous vu l'anesthésiste?,마취과 의사를 만나셨습니까?,ማደንዘዣ ሐኪሙን አይተዋል?,မေ့ဆေးဆရာဝန်နဲ့ တွေ့ဖူးပါသလား။,هل فحصك طبيب التخدير؟,您见过麻醉师吗？
move_toes,Can you move your toes?,¿Puede mover los dedos de los pies?,Consegue mexer os dedos dos pés?,Quý vị có thể cử động ngón chân của quý vị không?,Pouvez-vous bouger vos orteils?,발가락을 움직이실 수 있습니까?,የእግር ጣቶችዎን ማንቀሳቀስ ይችላሉ?,သင့်ခြေချောင်းများ လှုပ်ရှားနိုင်ပါသလား။,هل يمكنك تحريك أصابع قدميك؟,您能移动脚趾吗？
move_fingers,Can you move your fingers?,¿Puede mover los dedos de las manos?,Consegue mexer os dedos das mãos?,Quý vị có thể cử động ngón tay của quý vị không?,Pouvez-vous bouger vos doigts?,손가락을 움직이실 수 있습니까?,የእጅ ጣቶችዎን ማንቀሳቀስ ይችላሉ?,သင့်လက်ချောင်းများ လှုပ်ရှားနိုင်ပါသလား။,هل يمكنك تحريك أصابع يديك؟,您能移动手指吗？
put_gown_on,Time to put gown on.,Es hora de ponerse la bata.,Está na hora de colocar a camisola hospitalar.,Đã đến lúc mặc áo choàng vào.,Il est temps d'enfiler la chemise d'hôpital.,가운을 입으십시오.,ጋውን የመልበሻው ጊዜ አሁን ነው።,ဝတ်ရုံကို ဝတ်ဆင်လိုက်ပါ။,حان وقت ارتداء ملابس غرفة الجراحة.,您要穿手术衣了。
write_last_time_ate,Write down last time pt ate.,¿Puede escribir la última vez que el paciente comió?,Anote a última vez que o paciente comeu.,Ghi ra lần cuối bệnh nhân ăn.,Notez la dernière fois que le patient/la patiente a mangé.,환자가 마지막으로 먹은 시간을 적으십시오.,ታካሚው መጨረሻ የበሉትን ጊዜ ይፃፉ።,လူနာ နောက်ဆုံးစားခဲ့တဲ့ အချိန်ကို ချရေးပါ။,اكتب آخر مرة أكل فيها المريض.,请您写下上次进食的时间。
write_last_time_drank,Write down last time pt drank.,¿Puede escribir la última vez que el paciente bebió?,Anote a última vez que o paciente bebeu.,Ghi ra lần cuối bệnh nhân uống.,Notez la dernière fois que le patient/la patiente a bu.,환자가 마지막으로 마신 시간을 적으십시오.,ታካሚው መጨረሻ   የጠጡበትን ጊዜ ይፃፉ።,လူနာ နောက်ဆုံးသောက်ခဲ့တဲ့ အချိန်ကို ချရေးပါ။,اكتب آخر مرة شرب فيها المريض.,请您写下上次喝水或饮料的时间。
no_more_walking,No more walking after this medication.,No puede caminar más después de esta medicación.,Não pode mais caminhar depois de tomar este remédio.,Không đi lại nữa sau khi dùng thuốc này.,Vous ne devez pas marcher après avoir pris ce médicament.,이 약을 복용한 후에는 걸으면 안 됩니다.,ከዚህ መድሃኒት በኋላ በእግር መሄድ አያስፈልግም።,ဒီဆေးသောက်ပြီးနောက် လမ်းထပ်မလျှောက်ပါနဲ့။,توقف عن المشي بعد تناول هذا الدواء.,服用这种药物后请停止走动。
childs_name,What is your child's name?,¿Cómo se llama su niño?,Qual é o nome da criança?,Tên của em bé là gì?,Comment s'appelle votre enfant?,아이 이름이 어떻게 됩니까?,የልጅዎ ስም ማን ይባላል?,သင့်ကလေး နာမည် ဘယ်လိုခေါ်ပါသလဲ။,ما اسم طفلك؟,您的孩子叫什么名字？
change_diaper,I need you to change your kids diaper,Necesito que le cambie el pañal a su niño,Preciso que troque a fralda da criança,Tôi cần quý vị thay tã cho em bé,J'ai besoin que vous changiez la couche de votre enfant.,아이들 기저귀를 갈아주셔야 합니다,የልጅዎን ዳይፐር እንዲቀይሩ እፈልጋለሁ,သင့်ကလေး သေးခံကို လဲပေးပါ။,أريد تغيير الحفاضة لطفلك,我需要您给孩子更换尿布
have_appointment,Hello. Do you have an appointment with Children's Cardiology today?,Hola. ¿Tiene cita hoy con el departamento de Cardiología del Children's?,Olá. Tem uma consulta com a cardiologia pediátrica hoje?,Xin chào.  Hôm nay quý vị có hẹn với Khoa Tim mạch nhi đồng không?,Bonjour. Avez-vous un rendez-vous au service de cardiologie pédiatrique aujourd'hui?,안녕하세요. 오늘 아동 심장내과 진료 예약이 있으십니까?,ሰላም። ዛሬ ቺልድረንስ ካርዲዮሎጂ ቀጠሮ አልዎት?,မဂ်လာပါ။ ကလေး နှလုံးရောဂါဌာနမှာ ဒီနေ့ ရက်ချိန်းရှိသလား။,مرحبًا. هل لديك موعد مع طبيب أمراض القلب للأطفال اليوم؟,您好。您今天是否有儿童心脏病科约诊？
patients_name,What is the patient's name?,¿Cuál es el nombre del paciente?,Qual é o nome do paciente?,Tên của bệnh nhân là gì?,Quel est le nom du patient ou de la patiente?,환자 이름이 어떻게 됩니까?,የታካሚው ስም ማን ይባላል?,လူနာ နာမည် ဘာလဲ။,ما اسم المريض؟,患者叫什么名字？
spelling_of_name,Can you please confirm the spelling of the patient's name?,¿Puede confirmar cómo se deletrea el nombre del paciente?,Pode confirmar como se escreve o nome do paciente?,Quý vị có thể vui lòng xác nhận cách viết tên của bệnh nhân không?,Pouvez-vous confirmer l'orthographe du nom du patient?,환자 이름의 철자를 확인해 주시겠습니까?,እባክዎ የታካሚውን ስም የፊደል አጻጻፍ ማረጋገጥ ይችላሉ?,လူနာ နာမည် စာလုံးပေါင်းလေး ပြောပါ။,هل يمكنك تأكيد تهجئة اسم المريض؟,请确认患者姓名的拼写是否正确。
date_of_birth,What is the patient's date of birth?,¿Cuál es la fecha de nacimiento del paciente?,Qual é a data de nascimento do paciente?,Ngày tháng năm sinh của bệnh nhân là gì?,Quelle est la date de naissance du patient ?,환자 생년월일이 어떻게 됩니까?,የታካሚው የልደት ቀን መቼ ነው?,လူနာ မွေးသက္ကရာဇ် ပြောပါ။,ما تاريخ ميلاد المريض؟,患者的出生日期是什么？
any_cough, Any cough with or without fever in the last 48 hours?, ¿Ha tenido tos o fiebre durante las últimas 48 horas?, Alguma tosse com ou sem febre nas últimas 48 horas?, Em bé có ho kèm theo sốt hoặc không bị sốt trong 48 giờ qua không?, Y a-t-il eu une toux avec ou sans fièvre au cours des dernières 48 heures?, 지난 48시간 동안 발열을 동반하거나 동반하지 않은 기침이 있었습니까?, ባለፉት 48 ሰዓታት ውስጥ ማንኛውም ትኩሳት ያለው ወይም የሌለው ሳል አልዎት?,၄၈ နာရီအတွင်းမှာ ဖျားပြီး ချောင်းဆိုးသလား ဒါမှမဟုတ် မဖျားဘဲ ချောင်းဆိုးသလား။, هل عانى أي سعال مع حُمى أو من دونها خلال 48 ساعة الأخيرة؟, 过去 48 小时内，是否有咳嗽（无论是否伴随发烧）情况？
rash_with_fever,Any rash with fever?,¿Ha tenido alguna erupción acompañada de fiebre?,Alguma erupção cutânea com febre?,Có nổi mẩn kèm theo sốt không?,Y a-t-il eu une éruption cutanée accompagnée de fièvre ?,발열을 동반한 발진이 있었습니까?,ትኩሳት ያለው ማንኛውም ሽፍታ አልዎት?,ဖျားပြီး အဖုပေါက်သလား။,هل ظهر أي طفح جلدي مع الحمى؟,是否出现皮疹并伴有发烧？
family_have_flu,Has the patient or anyone in the household been sick with flu or flu like symptoms in the last 48 hours?,¿Ha estado enfermo con gripe el paciente u otra persona que viva en el hogar o ha tenido síntomas de gripe en las últimas 48 horas?,O paciente ou alguém em casa teve gripe ou sintomas semelhantes aos da gripe nas últimas 48 horas?,Bệnh nhân hoặc bất kỳ ai trong gia đình có bị bệnh cúm hoặc các triệu chứng giống cúm trong 48 giờ qua không?,Le patient/La patiente ou un membre de son foyer a-t-il été malade de la grippe ou a-t-il présenté des symptômes grippaux au cours des dernières 48 heures?,환자 또는 가족분들 중 지난 48시간 동안 독감이나 독감과 비슷한 증상을 앓은 사람이 있습니까?,ባለፉት 48 ሰዓታት ውስጥ ታካሚው ወይም ማንኛውም ቤተሰብ ውስጥ ያለ ሰው በፍሉ ወይም ፍሉ በሚመስሉ ምልክቶች ታሟል?,၄၈ နာရီအတွင်းမှာ လူနာ ဒါမှမဟုတ် အိမ်ကတစ်ယောက်ယောက် တုပ်ကွေးဖျားသလား ဒါမှမဟုတ် တုပ်ကွေးလိုလက္ခဏာနဲ့ဖျားသလား။,هل أصيب المريض أو أي شخص في الأسرة بأعراض الأنفلونزا أو أعراض تشبه أعراض الأنفلونزا خلال الـ 48 ساعة الأخيرة؟,在过去 48 小时内 患者或患者家中是否有人患过流感或出现类似流感的症状？
recent_travel_outside_US,Any travel outside of the US in the past 21 days?,¿Ha viajado fuera de los Estados Unidos en los últimos 21 días?,Alguma viagem para fora dos EUA nos últimos 21 dias?,Có đi ra ngoài Hoa Kỳ trong 21 ngày qua không?,Le patient a-t-il voyagé en dehors des États-Unis au cours des 21 jours précédents ?,지난 21일 동안 미국 이외의 지역을 여행한 적이 있습니까?,ባለፉት 21 ቀናት ውስጥ ከአሜሪካ ውጪ ማንኛውንም ዓይነት ጉዞ አድርገዋል?,၂၁ ရက်အတွင်းမှာ ယူအက်စ် ပြင်ပကို ခရီးထွက်ခဲ့သလား။,هل سافرت خارج الولايات المتحدة خلال الـ 21 يومًا الماضية؟,在过去 21 天内，是否曾出境美国？
parent_or_guardian_name,Parent or Legal Guardian Name?,¿Cuál es el nombre del padre madre o tutor legal?,Nome do pai da mãe ou do responsável legal?,Tên cha mẹ hoặc người giám hộ hợp pháp là gì?,Quel est le nom du parent ou du tuteur légal ?,부모/법적 보호자 이름?,የወላጅ ወይም የህጋዊ አስዳጊ ስም?,မိဘ ဒါမှမဟုတ် အုပ်ထိန်းသူ နာမည် ဘာလဲ။,ما اسم ولي الأمر أو الوصي القانوني؟,父母或法定监护人的姓名是什么？
insurance_card_photo_id,May I have the insurance card and Photo Id?,¿Me permite la tarjeta del seguro y una identificación con foto?,Posso ver o cartão do plano de saúde e um documento de identidade com foto?,Vui lòng cho tôi xem thẻ bảo hiểm và giấy tờ nhận dạng có ảnh được không?,Puis-je avoir la carte d'assurance et la carte d'identité avec photo ?,보험 카드와 사진이 있는 신분증을 보여 주시겠습니까?,የመድህን ካርድ እና የፎቶ መታወቂያ ሊሰጡኝ ይችላሉ?,အာမခံကတ်ပြား ဒါမှမဟုတ် ဓါတ်ပုံပါ သက်သေခံကတ်ပြား ပေးပါ။,هل يمكنني الحصول على بطاقة التأمين وهوية تحمل صورة؟,能不能把保险卡和带照片的身份证给我一下？
confirming_information,Now I'm going to confirm some information with you.,Ahora voy a confirmar con usted la información.,Vou confirmar algumas informações com você.,Bây giờ tôi sẽ xác nhận một số thông tin với quý vị.,Je vais maintenant vous demander de confirmer certaines informations.,이제 몇 가지 정보를 확인하겠습니다.,አሁን ከእርስዎ የተወሰነ መረጃ አረጋግጣለሁ።,အခု မေးခွန်းအချို့ မေးပါမယ်။,سوف أؤكد الآن بعض المعلومات معك.,现在我需要跟您确认一下相关信息。
patients_address,What is the patient's address?,¿Cuál es la dirección del paciente?,Qual é o endereço do paciente?,Địa chỉ của bệnh nhân là gì?,Quelle est l'adresse du patient ou de la patiente?,환자 주소가 어떻게 됩니까?,የታካሚው አድራሻ የት ነው?,လူနာရဲ့ လိပ်စာ ဘာလဲ။,ما عنوان المريض؟,患者的地址是什么？
primary_contact_phone,What is the primary contact telephone number for the patient? Is this mom or dad's number?,¿Cuál es el teléfono principal de contacto que se usará con relación al paciente? ¿Es el número de la mamá o del papá?,Qual é o telefone de contato principal do paciente? Esse é o número da mãe ou do pai?,Số điện thoại chính để liên lạc về bệnh nhân là gì? Đây là số của cha hay mẹ?,Quel est le numéro de téléphone principal de la personne à contacter pour le patient ou la patiente? S'agit-il du numéro de la mère ou du père ?,환자의 기본 연락 전화번호는 무엇입니까? 이 번호는 어머님 아니면 아버님 번호입니까?,የታካሚው ዋና የመገኛ ስልክ ቁጥር ምንድን ነው? ይህ የእናት ወይም የአባት ቁጥር ነው?,လူနာကို ဆက်သွယ်ရမယ့် ဖုန်းနံပါတ် ဘာလဲ။ အမေရဲ့ ဖုန်းနံပါတ်လား ဒါမှမဟုတ် အဖေရဲ့ ဖုန်းနံပါတ်လား။,ما رقم هاتف الاتصال الرئيس للمريض؟ هل هذا رقم الأم أم الأب؟,患者的主要联系电话号码是多少？这是妈妈还是爸爸的号码？
insurance_through_mom_dad,Is the insurance through mom or dad?,¿Tiene el seguro a través de su mamá o de su papá?,O plano de saúde está no nome da mãe ou do pai?,Bảo hiểm là qua cha hay mẹ?,L'assurance est-elle souscrite au nom du père ou de la mère ?,어머님 보험 아니면 아버님 보험을 통해서 하실 건가요?,መድህኑ በእናት ወይም በአባት በኩል ነው?,အာမခံက အဖေနာမည်နဲ့လုပ်တာလား ဒါမှမဟုတ် အမေနာမည်နဲ့လုပ်တာလား။,هل التأمين عن طريق الأم أم الأب؟,保险投保人是妈妈还是爸爸？
who_do_they_work_for,Who do they work for?,¿Para quién trabaja?,Para quem o titular do plano trabalha?,Cha hay mẹ làm việc cho ai?,Où travaille cette personne?,어디에서 일하십니까?,እነርሱ የሚሰሩት ለማን ነው?,သူတို့ ဘယ်မှာအလုပ်လုပ်သလဲ။,أين يعملون؟,他们的工作单位是什么？
primary_care_provider,Who is the patient's Primary Care Provider?,¿Quién es el médico de atención primaria del paciente?,Quem é o provedor de cuidados primários do paciente?,Bác sĩ gia đình của bệnh nhân là ai?,Qui est le prestataire de soins primaires du patient ou de la patiente ?,환자분의 1차 진료 제공자는 누구입니까?,የታካሚው ዋና የእንክብካቤ አቅራቢ ማን ነው?,လူနာကို အဓိက စောင့်ရှောက်ပေးတာ ဘယ်သူလဲ။,من مُقدم خدمة الرعاية الأولية للمريض؟,患者的家庭医生是谁？
referred_by,Who referred you to us?,¿Quién lo refirió a nosotros?,Quem encaminhou o paciente para nós?,Ai đã giới thiệu quý vị đến với chúng tôi?,Qui vous a adressé à nous?,귀하를 저희에게 의뢰하신 분이 누구입니까?,ወደ እኛ የጠቆምዎት ማን ነው?,ဒီကို ဘယ်သူက ညွှန်းလိုက်သလဲ။,من أحالك إلينا؟,谁向您推荐了我们？
which_pharmacy,What pharmacy do you use if any medication is ordered? (verify location of pharmacy),¿Qué farmacia prefiere en caso de que tengamos que prescribir algún medicamento? (verifique la ubicación de la farmacia),Qual farmácia você usa se precisar de algum medicamento? (verifique a localização da farmácia),Quý vị sử dụng nhà thuốc nào nếu bác sĩ có cho thuốc theo toa? (kiểm tra xác nhận địa điểm của nhà thuốc),Quelle pharmacie utilisez-vous en cas de besoin de médicaments? (vérifiez les coordonnées de la pharmacie),어느 약국에서 약을 주문하십니까? (약국 위치 확인),ማንኛውም መድሃኒት ቢታዘዝ የሚጠቀሙት የመድሃኒት መደብር የትኛው ነው? (የመድሃኒት መደብሩን መገኛ ስፍራ ያረጋግጡ),​ဆေးဝယ်ဖို့ဆေးစာပေးရင် ဘယ်ဆေးဆိုင်မှာ ဝယ်သလဲ။ (ဆေးဆိုင်နေရာပြောပါ),ما الصيدلية التي تطلبين منها أي دواء؟ (التحقق من موقع الصيدلية),如果需要购买药物 您会选择哪家药房？（核实药房地址）
consent_to_treat_form,This form is Consent to Treat and to fill the insurance. Please fill it out.,Este formulario es el consentimiento para recibir tratamiento y para el seguro. Es necesario que lo llene.,Este formulário é o Consentimento para Tratamento e para o preenchimento do plano de saúde. Preencha o formulário por favor.,Mẫu đơn này là Chấp thuận cho phép điều trị và điền thông tin bảo hiểm. Vui lòng điền mẫu đơn. ,Ce formulaire est un consentement au traitement et à la prise en charge par l'assurance. Veuillez le remplir.,이 양식은 치료 동의 및 보험 사항 기입에 대한 것입니다. 기재해 주십시오.,ይህ ቅጽ የህክምና ፈቃድ እና መድህኑን የመሙላት ስምምነት ነው። እባክዎ ይሙሉ።,ဒီပုံစံက ကုသဖို့ သဘောတူချက်ပေးတာနဲ့ အာမခံအတွက်ဖြည့်ဖို့ဖြစ်ပါတယ်။ ပုံစံကိုဖြည့်ပေးပါ။,هذا نموذج الموافقة على العلاج واستكمال بيانات التأمين. يُرجى استكماله.,此表格为同意治疗书，需要填写保险信息。请填写该表格。
form_for_mychart,This form is to sign you and your child up for MyChart for access to all records.,Este formulario es para registrarlos a usted y a su niño en MyChart para que tengan acceso a todos los registros.,Este formulário é para inscrever você e a criança no MyChart que dá acesso à toda documentação médica.,Mẫu này để đăng ký cho quý vị và em bé vào hồ sơ điện tử MyChart để được xem tất cả các hồ sơ.,Ce formulaire sert à vous inscrire vous et votre enfant à MyChart pour vous permettre d'avoir accès à tous les dossiers.,이 양식은 귀하와 귀하의 자녀가 모든 기록에 접근할 수 있도록 MyChart에 등록하기 위해 필요합니다.,ይህ ቅጽ ሁሉንም መዝገቦች ማግኘት እንዲችሉ እርስዎን እና ልጅዎን ለ MyChart ይመዘግቦታል።,ဒီပုံစံက သင်နဲ့သင့်ကလေးအတွက် ဆေးမှတ်တမ်းအားလုံးကို ဝင်ကြည့်ဖို့အတွက် MyChart မှာစာရင်းသွင်းပေးတာပါ။,هذا النموذج لتسجيلك أنت وطفلك في تطبيق MyChart للوصول إلى جميع السجلات.,此表格用于为您和您的孩子注册 MyChart 以便访问所有记录。
email_in_24_hours,You will receive email notification within 24 hours.,Recibirá la notificación por correo electrónico dentro de 24 horas.,Você vai receber um aviso por e-mail dentro de 24 horas.,Quý vị sẽ nhận được email thông báo trong vòng 24 giờ.,Vous recevrez une notification par courrier électronique dans les 24 heures.,귀하에게 24시간 이내 이메일 알림이 갈 것입니다.,በ 24 ሰዓታት ውስጥ የኢሜይል ማሳወቂያ ይደርስዎታል።,သင် ၂၄ နာရီအတွင်း အီးမေးလ်နဲ့ပြန်စာ ရပါလိမ့်မယ်။,سوف تتلقى إشعارًا عبر البريد الإلكتروني خلال 24 ساعة.,您将在 24 小时内收到电子邮件通知。
thank_you_waiting_room,Thank you. You may have a seat in the waiting room. Someone will call you back shortly.,Gracias. Puede tomar asiento en la sala de espera. Alguien lo llamará muy pronto.,Agradeço. Pode se sentar na sala de espera. Alguém vai chamar você em breve.,Cám ơn quý vị.  Quý vị có thể ngồi trong phòng chờ. Sẽ có người gọi quý vị vào ngay.,Nous vous remercions. Vous pouvez vous asseoir dans la salle d'attente. Quelqu'un vous appellera sous peu.,감사합니다. 대기실에 앉아 계십시오. 다른 사람이 곧 호명할 것입니다.,እናመሰግናለን። የጥበቃ ክፍል ውስጥ መቀመጥ ይችላሉ። በአጭር ጊዜ ውስጥ ይደወልልዎታል።,​ကျေးဇူးတင်ပါတယ်။ စောင့်ဆိုင်းအခန်းမှာ ထိုင်နိုင်ပါပြီ။ တစ်ယောက်ယောက်က မကြာခင် ပြန်ခေါ်ပါလိမ့်မယ်။,شكرًا لك. يمكنك التفضل بالجلوس في غرفة الانتظار. سوف نطلبك بعد قليل.,谢谢。您可以在候诊室等待。很快会有人叫您回来。
doctor_is_running_behind,I apologize but the doctor is running behind and the wait may be a little longer than expected.,Nos disculpamos pero el doctor está atrasado y pudiera ser necesario que espere un poco más de lo que se había anticipado.,Desculpa mas o médico está atrasado e o tempo espera pode ser um pouco mais longo do que o esperado.,Tôi xin lỗi nhưng bác sĩ đang bị dồn việc nên thời gian chờ đợi có thể lâu hơn dự tính ​​một chút.,Je vous prie de m'excuser mais le médecin a pris du retard et l'attente risque d'être un peu plus longue que prévu.,죄송하지만 의사 진료가 밀려서 조금 더 기다리셔야 할 것 같습니다.,ይቅርታነገር ግን ሐኪሙ አርፍዷል ስለሆነም ከሚጠበቀው ጊዜ በላይ ሊጠብቁ ይችላሉ።,စိတ်မရှိပါနဲ့၊ ဆရာဝန် နည်းနည်းနောက်ကျနေပါတယ်၊ စောင့်ဆိုင်းရတာ ခန့်မှန်းထားတာထက် နည်းနည်း ပိုကြာနိုင်ပါတယ်။,أعتذر ولكن الطبيب يتأخر وقد يكون الانتظار أطول قليلاً من المتوقع.,很抱歉，医生现在很忙，您等待的时间可能会比预期时间要长一些。
want_bottle_of_water,Would you like a bottle of water?,¿Desea una botella de agua?,Quer uma garrafinha de água?,Quý vị có cần uống nước không?,Voulez-vous une bouteille d'eau?,물 한 병 드릴까요?,አንድ ጠርሙስ ውሃ ይፈልጋሉ?,​ရေပုလင်း လိုချင်ပါသလား။,هل ترغب في الحصول على زجاجة ماء؟,您是否想要一瓶水？
lets_schedule_follow_up,Let's get you scheduled for your follow up appointment.,Vamos a programar su cita de seguimento.,Vamos agendar a consulta de acompanhamento.,Chúng ta hãy cùng lấy hẹn tái khám cho em bé.,Prenons rendez-vous pour votre consultation de suivi.,추후 진료 일정을 잡아드리겠습니다.,ለክትትል ቀጠሮዎ መርሃግብር እንያዝልዎት።,​နောက်ဆက်တွဲ ရက်ချိန်းအတွက် ရက်ချိန်းပေးပါမယ်။,دعنا نحدد لك موعد المتابعة.,让我们为您安排复诊。
have_a_great_day,Have a great day!,¡Que pase un buen día!,Tenha um ótimo dia!,Chúc quý vị một ngày an lành!,Je vous souhaite une excellente journée !,좋은 하루되십시오!,መልካም ቀን ይሁንልዎ!,အကောင်းဆုံးနေ့ ဖြစ်ပါစေ။,أتمنى لك قضاء يوم رائع!,祝您愉快！
doctor_will_see_you_unsure_about_wait_time,The doctor will be able to see you later now. We are not sure how long the wait time will be.,El médico lo recibirá hoy mismo un poco más tarde. No estamos seguros de cuál será el tiempo de espera.,O médico pode atender você mais tarde. Não sabemos ao certo qual será o tempo de espera.,Bây giờ bác sĩ sẽ có thể gặp quý vị sau. Chúng tôi không chắc thời gian chờ đợi sẽ kéo dài bao lâu.,Le médecin pourra vous recevoir plus tard. Nous ne sommes pas sûrs de la durée de l'attente.,조금 후에 의사와 만나실 수 있습니다. 얼마나 기다리셔야 할지는 잘 모르겠습니다.,ሐኪሙወደ በኋላ እርስዎን ማየት ይችላል። የጥበቃ ጊዜው ምን ያክል ሊሆን እንደሚችል አናውቅም።,ဆရာဝန် ခဏကြာရင် ကြည့်ပေးနိုင်ပါတယ်။ ဘယ်လောက်ကြာကြာစောင့်ရမယ်ဆိုတာတော့ မသိပါဘူး။,سيكون الطبيب قادرًا على رؤيتك لاحقًا الآن. لسنا متأكدين من مدة الانتظار.,医生稍后就可以为您看诊。我们不确定候诊时间要多久。
im_sorry_but_reschedule,I'm sorry but we will have to reschedule you for another day.,Lo lamentamos mucho pero tenemos que reprogramar su cita para otro día.,Sinto muito mas temos que remarcar a consulta para outro dia.,Rất tiếc là chúng tôi sẽ phải dời hẹn của quý vị vào một ngày khác.,Je suis désolé(e) mais nous allons devoir vous fixer un autre rendez-vous.,죄송하지만 다른 날로 일정을 잡아 드리겠습니다.,ይቅርታ  ነገር ግን የእርስዎን ቀጠሮ ወደ ሌላ ቀን መቀየር ይኖርብናል።,စိတ်မကောင်းပါဘူး၊ နောက်တစ်နေ့ကို ပြန်ချိန်းပေးပါမယ်။,أنا آسف ولكن سيتعين علينا إعادة جدولة موعدك ليوم آخر.,很抱歉，我们只能为您安排下次就诊。
what_time_works_for_you,What time works best for you? Morning? Afternoon?,¿Qué hora le parece mejor? ¿En la mañana? ¿En la tarde?,Qual é o melhor horário para você? De dia? À tarde?,Thời gian nào thuận tiện nhất cho quý vị? Buổi sáng?  Buổi chiều?,Quelle heure vous convient le mieux? Le matin? L'après-midi?,언제가 가장 편하십니까? 오전? 오후?,ለእርስዎ የሚመችዎ ስንት ሰዓት ነው? ጠዋት? ከሰዓት በኋላ?,သင့်အဖို့ ဘယ်အချိန် အဆင်အပြေဆုံးလဲ။ မနက်ပိုင်းလား။ နေ့လည်ပိုင်းလား။,ما الوقت المناسب لك؟ صباحًا؟ بعد الظهر؟,什么时间对您来说最方便？上午？还是下午？
form_for_parent_conversation,This form allows us to talk to your parents since you are an adult. Please fill out the highlighted areas.,Este formulario nos permite hablar con sus padres ya que es un adulto. Llene todas las áreas resaltadas.,Este formulário nos permite falar com o seu pai ou e a sua mãe já que você é maior de idade. Preencha as áreas destacadas por favor.,Mẫu đơn này cho phép chúng tôi nói chuyện với cha mẹ của quý vị vì quý vị đã trưởng thành. Vui lòng điền các phần được đánh dấu.,Ce formulaire nous permet de parler à vos parents puisque vous êtes adulte. Veuillez remplir les zones surlignées.,귀하가 성인이기에 이 양식을 작성하실 경우 저희가 귀하의 부모님과 대화할 수 있습니다. 하이라이트된 부분을 기재해 주십시오.,ይህ ቅጽ እርስዎ አዋቂ ስለሆኑ ወላጆችዎን እንድናነጋግር ያስችለናል። የቀለሙትን ቦታዎች እባክዎ ይሙሉ።,သင် အရွယ်ရောက်သူ မဟုတ်တဲ့အတွက် ဒီပုံစံကြောင့် ကျွန်ုပ်တို့ သင့်မိဘများနဲ့ စကားပြောနိင်မှာဖြစ်ပါတယ်။ အရောင်ခြယ်ထားတဲ့ အပိုင်းတွေကို ဖြည့်စွက်ပေးပါ။,يتيح لنا هذا النموذج التحدث مع والديك نظرًا لأنك بالغ. يُرجى استكمال المناطق المميزة.,由于您已经成年，此表让我们能够与您的父母进行交流。请填写高亮显示的区域。
stand_on_scale_for_height_weight,Please stand on the scale to measure height and weight.,Súbase a la balanza para tomar su peso y altura.,Suba na balança para medir a altura e o peso.,Vui lòng đứng lên cân để đo chiều cao và trọng lượng.,Veuillez monter sur la balance pour que je puisse mesurer votre taille et votre poids.,키와 몸무게를 잴 수 있게 체중계에 올라서십시오.,ቁመት እና ክብደት ለመለካት እባክዎ ሚዛኑ ላይ ይቁሙ።,အရပ်နဲ့ကိုယ်အလေးချိန် တိုင်းဖို့ ပေါင်ချိန်စက်ပေါ် တက်ပါ။,يُرجى الوقوف على الميزان لقياس الطول والوزن.,请站在体重秤上测量身高和体重。
baby_on_scale,Please lay the baby on the scale to check their weight.,Coloque al bebé en la balanza para pesarlo.,Coloque o bebê na balança para verificar o peso.,Vui lòng đặt em bé lên bàn cân để đo trọng lượng.,Posez votre bébé sur la balance pour que je puisse vérifier son poids.,아기의 몸무게를 확인할 수 있도록 아기를 체중계 위에 올려놓으십시오.,የህጻኑን ክብደት ለመለካት እባክዎ ህጻኑን ሚዛኑ ላይ ያስቀምጡ።,ကလေးကိုယ်အလေးချိန်တိုင်းဖို့ ကလေးကို ပေါင်ချိန်စက်ပေါ်တင်ပါ။,يُرجى وضع الطفل على الميزان للتحقق من وزنه.,请将婴儿放在体重秤上测量体重。
remove_top_and_put_on_vest,Please remove your top and put on this vest open in the front.,Quítese la camisa y póngase la bata con la parte abierta hacia el frente.,Retire a blusa e vista este colete aberto na frente.,Vui lòng cởi áo và mặc chiếc áo nhỏ này phần mở ở phía trước.,Veuillez enlever votre haut et enfiler ce vêtement ouvert sur le devant.,상의를 벗고 앞부분이 열린 조끼를 입으십시오.,እባክዎ ከላይ የለበሱትን በማውለቅ ይህን ሰደርያ ከፊት ክፍት በማድረግ ይልበሱ።,အပေါ်အင်္ကျီကိုချွတ်ပြီး ဒီဝတ်ရုံကို အရှေ့ဘက်ဖွင့်ပြီးဝတ်ပါ။,يُرجى خلع القميص وارتداء هذه السترة المفتوحة من الأمام.,请脱掉上衣，穿上这件前开襟背心。
checking_pulse,I am placing this on the finger to check the pulse ox.,Le estoy poniendo esto en el dedo para medir su oximetría de pulso.,Estou colocando isto no dedo para verificar a oximetria de pulso.,Tôi sẽ đặt cái này lên ngón tay để kiểm tra mạch đập.,Je place ceci sur votre doigt pour vérifier l'oxymétrie de pouls.,이것을 손가락 위에 놓고 맥박을 확인하겠습니다.,የልብ ትርታዎን ለማየት ይህን ጣትዎ ላይ እያደረኩ ነው።,​အောက်စီဂျင်ဓာတ်ကိုတိုင်းဖို့ ဒါကို လက်ညှိုးထိပ်မှာ တပ်ပါမယ်။,أنا أضع هذا على الإصبع للتحقق من التأكسج النبضي.,我会把它放在手指上，测量脉搏血氧饱和度。
doing_ekg,I am going to do an EKG.,Le voy a hacer un electrocardiograma (EKG).,Vou fazer um eletrocardiograma.,Tôi sẽ đo EKG.,Je vais faire un électrocardiogramme.,심전도 검사(EKG)를 하겠습니다.,EKG ልሰራልዎት ነው።,အီးစီဂျီ တိုင်းပါမယ်။,سأجري تخطيط كهربية القلب (إيكو).,我将为您进行心电图检查。
please_lie_still,Please lie very still.,Recuéstese y no se mueva.,Não se mexa por favor.,Vui lòng nằm yên tại chỗ.,Restez allongé(e) sans bouger.,움직이지 말고 가만히 누워 계십시오.,እባክዎ ሳይንቀሳቀሱ ይተኙ።,ငြိမ်ငြိမ်လေး လဲလျောင်းပေးပါ။,يُرجى الاستلقاء بثبات شديد.,请躺着不要动。
breathe_normally_and_dont_move,Breathe normally but try not to move around.,Respire normalmente pero no trate de moverse.,Respire normalmente mas tente não se movimentar.,Thở bình thường nhưng cố gắng không nhúc nhích cử động.,Respirez normalement mais essayez de ne pas bouger.,호흡은 정상적으로 하시고 되도록 움직이지 마십시오.,የተለመደ አተነፋፈስ ይተንፍሱነገር ግን ላለመንቀሳቀስ ይሞክሩ።,ပုံမှန်အသက်ရှူပြီး မလှုပ်ပါနှင့်။,تنفس بشكل طبيعي ولكن حاول ألا تتحرك.,请正常呼吸，但尽量不要动。
nurse_will_be_in_shortly,The nurse will be in shortly.,El enfermero vendrá muy pronto.,A enfermeira chegará em breve.,Y tá sẽ đến ngay.,L'infirmier ou l'infirmière va bientôt arriver.,간호사가 곧 올 것입니다.,ነርሷ በአጭር ጊዜ ውስጥ ትገባለች።,သူနာပြု မကြာမီ လာပါမယ်။,ستصل الممرضة بعد قليل,护士很快就会过来。
doctor_will_be_in_shortly,The doctor will be in shortly.,El médico vendrá muy pronto.,O médico chegará em breve.,Bác sĩ sẽ đến ngay.,Le médecin va bientôt arriver.,의사가 곧 올 것입니다.,ሐኪሙ በአጭር ጊዜ ውስጥ ይገባል።,ဆရာဝန် မကြာမီ လာပါမယ်။,سيصل الطبيب بعد قليل,医生很快就会过来。
taking_you_to_room_for_echo,I am taking you to the room where they will do an echo.,Lo estoy llevando a la sala donde le van a hacer un ecocardiograma.,Vou levar você para a sala de ultrassonografia.,Tôi sẽ đưa quý vị đến phòng nơi chụp vang tim.,Je vous emmène dans la salle où l'on va faire l'échographie.,초음파 검사실로 모시겠습니다.,ኤኮ ወደሚሰሩበት ክፍል እየወሰድኮት ነው።,အက်ခိုးလို့ခေါ်တဲ့ တန်ပြန်အသံကို တိုင်းမယ့် အခန်းထဲ သွားကြပါမယ်။,سآخذك إلى الغرفة حيث سيقومون بعمل إيكو.,我将带您前往超声心动图检查室。
want_to_watch_movie_during_echo,Would you like to watch a movie during your echo?,¿Quiere ver una película mientras le hago el ecocardiograma?,Quer assistir a um filme durante a ultrassonografia?,Quý vị có muốn xem phim trong khi đang được chụp vang tim không?,Voulez-vous regarder un film pendant votre échographie?,초음파 검사를 하는 동안 영화를 보시겠습니까?,ኤኮ በሚሰራበት ጊዜ ፊልም ማየት ይፈልጋሉ?,အက်ခိုးတိုင်းနေတဲ့အချိန်မှာ သင် ရုပ်ရှင်ကြည့်ချင်သလား။,هل ترغب في مشاهدة فيلم في أثناء إجراء الإيكو؟,您是否想在超声心动图检查期间看看电影？
back_to_room_after_echo,They will bring you back to your room after the echo.,Lo volverán a traer a su habitación después del ecocardiograma.,Vão levar você de volta ao quarto após a ultrassonografia.,Họ sẽ đưa quý vị trở lại phòng sau khi chụp vang tim.,On vous ramènera dans votre chambre après votre échographie.,초음파 검사가 끝나면 직원이 귀하의 병실로 데려다 줄 것입니다.,ከኤኮ በኋላ ወደ ክፍልዎ መልሰው ይወስዱዎታል።,အက်ခိုးတိုင်းပြီးရင် သင့်အခန်းဆီ ပြန်ခေါ်သွားပေးပါမယ်။,سوف يعيدونك إلى غرفتك بعد إجراء الإيكو.,超声心动图检查结束后，他们会带您回到您的房间。
doctor_coming_to_discuss_echo,The doctor will be in soon to discuss the results if the ECHO,El médico vendrá pronto para conversar sobre los resultados del ecocardiograma.,O médico virá em breve para falar dos resultados da ultrassonografia.,Bác sĩ sẽ đến ngay để thảo luận về kết quả chụp vang tim nếu ECHO,Le médecin va bientôt arriver pour discuter des résultats de votre échographie.,초음파 검사 결과가 나오면 의사가 곧 검사 결과를 상의드릴 것입니다,ሐኪሙ የ ECHO ውጤቶችን ለመወያየት በቅርቡ ይመጣል,အက်ခိုး အဖြေကိုဆွေးနွေးဖို့ ဆရာဝန် မကြာမီ လာပါမယ်။,سيأتي الطبيب قريبًا لمناقشة نتائج فحص الإيكو,医生很快会过来和您讨论超声心动图检查结果
taking_pictures_of_heart,We are taking pictures of your heart.,Vamos a tomar fotos de su corazón.,Estamos tirando fotos do seu coração.,Chúng tôi đang chụp hình tim của quý vị.,Nous prenons des photos de votre cœur.,귀하의 심장 사진을 찍고 있습니다.,የልብዎን ምስሎች እየወሰድን ነው።,သင့်နှလုံးကို ဓာတ်ပုံရိုက်ပါမယ်။,نحن نلتقط صورًا لقلبك.,我们正在进行心脏拍片。
this_will_not_hurt,This will not hurt.,No le va a doler.,Não vai doer.,Việc này sẽ không gây đau.,Cela ne vous fera pas mal.,아프지 않을 것입니다.,ይህ አያምም።,မနာပါဘူး။,لن تشعر بأي ألم.,您不会有痛感。
lay_down_on_left,Lay down on the bed on your left side.,Recuéstese en la cama sobre el lado derecho.,Deite-se na cama virando para o seu lado esquerdo.,Nằm xuống giường và nằm nghiêng về bên trái.,Allongez-vous sur le lit sur votre côté gauche.,침대에 왼쪽으로 누우십시오.,አልጋው ላይ በግራ ጎንዎ ይተኙ።,ကုတင်ပေါ် ဘယ်ဘက်စောင်းပြီး လဲလျောင်းအိပ်ပေးပါ။,استلق على السرير على جانبك الأيسر.,请躺在床上，左侧卧。
lie_flat_on_back,Lie flat on your back.,Recuéstese estirado y boca arriba.,Deite-se de costas.,Nằm ngửa.,Allongez-vous sur le dos.,등을 바닥에 대고 반듯이 누우십시오.,በጀርባዎ ቀጥ ብለው ይተኙ።,ပက်လက်လှန် အိပ်ပေးပါ။,استلق ممددًا على ظهرك.,请平躺在床上。
lift_chin_up,Tilt/lift your chin up.,Incline y levante la barbilla.,Incline a cabeça levantando o queixo para cima. ,Ngả/nâng cằm lên.,Relevez le menton.,턱을 위로 기울이십시오/들어올리십시오.,ያዘንብሉ/አገጭዎን ወደ ላይ ቀና ያርጉ።,​မေးစေ့ကို မော့ပေးပါ။,قم بإمالة أو رفع ذقنك لأعلى.,请倾斜/抬起下巴。
lift_under_shoulders_and_tilt_head_back,Lift under the baby's shoulders and tilt the head back.,Levante los hombros del bebé e inclínele la cabeza hacia atrás.,Levante sob os ombros do bebê e incline a cabeça para trás.,Nâng dưới vai em bé và ngả đầu về phía sau.,Soulevez les épaules de bébé et inclinez sa tête vers l'arrière.,아기의 어깨 아래로 들어 올리고 머리를 뒤로 젖히게 하십시오.,በህጻኑ ትከሻዎች ስር ቀና ያርጉ እና ጭንቅላቱን ወደ ኋላ ያዘንብሉ።,ကလေးငယ်ရဲ့ ပုခုံးကိုကိုင်မပြီး ခေါင်းကို နောက်ဘက်နည်းနည်းစောင်းပေးပါ။,ارفعي الطفل من أسفل كتفيه مع إمالة رأسه للخلف,请从肩部下方将宝宝抬起，并使其头部后仰。
breathe_and_hold,Take in a deep breath and hold it  ,Inhale profundamente y mantenga la respiración.,Respire fundo e segure a respiração  ,Hít một hơi thật sâu và nín thở,Inspirez profondément et retenez votre souffle.,심호흡을 하고 참으십시오,በጥልቀት ወደ ውስጥ በመተንፈስ አየር ሳያስወጡ ይያዙት,အသက် ပြင်းပြင်းရှူပြီး အောင့်ထားပါ။,خذ نفسًا عميقًا واحبسه.,请深吸一口气，然后屏住呼吸
you_can_breathe_now,You can breathe now.,Ya puede respirar.,Já pode respirar.,Bây giờ quý vị có thể thở lại được rồi.,Vous pouvez maintenant respirer.,이제 숨을 쉬셔도 됩니다.,አሁን መተንፈስ ይችላሉ።,ပုံမှန် အသက်ရှူလို့ရပါပြီ။,يمكنك إخراجه الآن.,您现在可以正常呼吸了。
lift_your_arm_up_high,Lift your arm up high under your head please.,Levante el brazo hasta debajo de la cabeza.,Levante o braço bem alto sob sua cabeça por favor.,Vui lòng nâng cánh tay lên cao và đặt dưới đầu của quý vị.,Levez le bras sous la tête s'il vous plaît.,머리 아래로 팔을 높이 들어주십시오.,እባክዎ እጅዎ ከጭንቅላትዎ ስር ወደ ላይ ከፍ ያድርጉት።,လက်မောင်းကို ခေါင်းအောက်လောက်အထိ မြောက်ပေးပါ။,ارفع ذراعك للأعلى وضعه تحت رأسك من فضلك.,请将胳膊抬高放在头下。
bend_your_knees,Bend your knees please.,Doble las rodillas.,Dobre os joelhos por favor.,Vui lòng gập hai đầu gối.,Pliez les genoux s'il vous plaît.,무릎을 굽히십시오.,እባክዎ ጉልበትዎን ይጠፉ።,ဒူးကွေးပေးပါ။,اثنِ ركبتيك من فضلك.,请弯曲膝盖。
roll_on_your_side,Roll on your side more towards me.,Voltéese de lado más hacia mí.,Vire-se de lado mais para perto de mim.,Hãy lăn nghiêng thêm nữa về phía tôi.,Tournez-vous sur le côté plus près de moi.,제 쪽으로 좀 더 돌아누우십시오.,በጎንዎ ወደ እኔ የበለጠ ይጠጉ።,ကျွန်ုပ်ဘက်လှည့်ပြီး နည်းနည်းကပ်ပေးပါ။,استدر على جانبك أكثر نحوي.,请往我这边侧身一些。
help_me_if_baby_is_fussy,I will need your help if the baby gets fussy.,Voy a necesitar su ayuda si el bebé se pone inquieto.,Vou precisar da sua ajuda se o bebê ficar agitado.,Tôi sẽ cần quý vị giúp nếu em bé quấy khóc.,J'aurai besoin de votre aide si votre bébé manifeste de la nervosité.,아기가 보채면 보호자분의 도움이 필요합니다.,ህጻኑ ካስቸገረ የእርስዎን እርዳታ እፈልጋለሁ።,တကယ်လို့ ကလေးက အင်တင်တင်လုပ်နေရင် သင့်ရဲ့အကူအညီ လိုအပ်ပါမယ်။,سأحتاج إلى مساعدتك إذا أصبح الطفل متهيجًا.,如果宝宝开始哭闹，我将需要您的帮助。
feed_baby_I_will_scan,You can feed the baby while I scan.,Puede alimentar al bebé mientras hago la exploración (scan).,Pode alimentar o bebê enquanto eu faço o exame.,Quý vị có thể cho em bé ăn trong khi tôi chụp scan.,Vous pouvez nourrir votre bébé pendant que je fais l'examen.,제가 스캔하는 동안 아기에게 젖을 주실 수 있습니다.,በምቃኝበት ጊዜ ህጻኑን መመገብ ይችላሉ።,ကျွန်ုပ် လုပ်နေစဥ်မှာ သင် ကလေးကို နို့တိုက်နေနိုင်ပါတယ်။,يمكنك إطعام الطفل في أثناء إجراء الفحص.,当我进行扫描时，您可以给宝宝喂食。
can_have_pacifier,The baby can have a pacifier.,Le puede dar su chupón al bebé.,O bebê pode chupar a chupeta.,Có thể cho em bé ngậm vú giả.,Votre bébé peut avoir sa tétine.,아기에게 고무 젖꼭지를 물려도 됩니다.,ህጻኑ የእንጀራ እናት መጥባት ይችላል።,ကလေး နို့သီးခေါင်း စို့နေနိုင်ပါတယ်။,يمكن أن يحصل الطفل على لهاية.,宝宝可以含着安抚奶嘴。
hold_baby_i_will_scan,Please hold the baby while I scan.,Cargue al al bebé mientras hago la exploración (scan).,Segure o bebê enquanto faço o exame.,Vui lòng bồng em bé trong khi tôi chụp scan.,S'il vous plaît tenez votre bébé pendant que je fais l'examen.,제가 스캔하는 동안 아기를 잡고 계십시오.,እኔ በምቃኝበት ጊዜ እባክዎ ህጻኑን ይያዙት።,ကျွန်ုပ် လုပ်နေစဥ်မှာ ကလေးကို ကိုင်ထားပေးပါ။,يُرجى إمساك الطفل بينما أجري الفحص.,请在我进行扫描时抱住宝宝。
doctor_soon,The doctor will be in soon.,El médico vendrá pronto.,O médico chegará em breve.,Bác sĩ sẽ đến ngay.,Le médecin va bientôt arriver.,의사가 곧 올 것입니다.,ዶክትሩ በቅርቡ ይመጣል።,ဆရာဝန် မကြာမီ လာပါမယ်။,سيصل الطبيب بعد قليل.,医生很快就会过来。
do_you_have_ride_home,Do you have a ride home?,¿Tiene quién los lleve a casa?,Tem uma carona para casa?,Có ai chở quý vị về nhà không?,Avez-vous un moyen de transport pour rentrer chez vous?,집에 가실 교통편이 있습니까?,ወደ ቤት የሚወስድዎት መኪና አለ?,အိမ်ပြန်ဖို့ ကားရှိလား။,هل لديك وسيلة لإيصالك إلى المنزل؟,您怎么回家呢？有车载您回去吗？
will_call_medicaid_transportation,I will call Medicaid transportation.,Llamaré al servicio de transporte de Medicaid.,Vou ligar para o transporte do Medicaid.,Tôi sẽ gọi dịch vụ chuyên chở của Medicaid.,Je vais appeler le service de transport agréé Medicaid.,메디케이드(Medicaid) 교통편에 전화하겠습니다.,የ Medicaid መጓጓዣ እጠራለሁ።,Medicaid ကားနဲ့ပို့ပေးဖို့ ခေါ်ပေးပါမယ်။,سأتصل بخدمة النقل من Medicaid.,我可以为您联系医保内的交通服务。
medicaid_transportation_on_the_way,Medicaid transportation is on the way.,El servicio de transporte de Medicaid está en camino.,O transporte do Medicaid está a caminho.,Xe chuyên chở Medicaid đang trên đường đến.,Le service de transport Medicaid est en route.,메디케이드(Medicaid) 교통편이 오는 중입니다.,የ Medicaid መጓጓዣ እየመጣ ነው።,Medicaid ကားနဲ့ပို့ပေးဖို့ လာနေပါပြီ။,خدمة النقل من Medicaid في الطريق.,交通服务车正在过来的路上。
do_you_have_money_for_food,Do you have money for food while your child is in the hospital?,¿Tiene dinero para comprar de comer mientras su niño está en el hospital?,Tem dinheiro para comprar comida enquanto a criança está no hospital?,Quý vị có tiền mua thức ăn trong thời gian em bé nằm bệnh viện không?,Avez-vous suffisamment d'argent pour acheter de la nourriture pendant que votre enfant est à l'hôpital ?,아이가 병원에 ​​있는 동안 음식을 드실 돈이 있으십니까?,ልጅዎ ሆስፒታል ውስጥ በሚሆንበት ጊዜ ለምግብ የሚሆን ገንዘብ አልዎት?,သင့်ကလေး ဆေးရုံမှာရှိနေစဥ်မှာ အစာစားဖို့ ငွေရှိလား။,هل لديك المال لشراء الطعام في أثناء وجود طفلك في المستشفى؟,在您孩子住院期间，您有钱吃饭吗？
please_fill_out_this_form,Please fill out this form.,Llene este formulario.,Preencha este formulário por favor.,Vui lòng điền mẫu đơn này.,Veuillez remplir ce formulaire.,이 양식을 기재해 주십시오.,እባክዎ ይህን ቅጽ ይሙሉ።,ဒီပုံစံကို ဖြည့်ပေးပါ။,يُرجى استكمال هذا النموذج.,请填写此表格。
are_you_able_to_obtain_medication,Are you able to obtain the medications your child needs?,¿Puede comprar los medicamentos que necesita su niño?,Tem condições de obter os medicamentos de que a criança precisa?,Quý vị có khả năng có được những thuốc em bé cần không?,Êtes-vous en mesure d'obtenir les médicaments dont votre enfant a besoin ?,아이에게 필요한 약을 구하실 수 있습니까?,ለልጅዎ የሚያስፈልገውን መድሃኒቶች ማግኘት ይችላሉ?,သင့်ကလေး လိုအပ်တဲ့ ဆေးတွေကို ရယူနိုင်သလား။,هل تستطيعين الحصول على الأدوية التي يحتاجها طفلك؟,您是否能够获得孩子需要的药物？
we_are_here_to_help_you,We are here to help and support you.,Estamos aquí para ayudarlo y darle apoyo.,Estamos aqui para ajudar e dar apoio.,Chúng tôi luôn sẵn lòng giúp đỡ và hỗ trợ quý vị.,Nous sommes là pour vous aider et vous accompagner.,저희가 귀하를 돕고 지원할 수 있습니다.,እርስዎን ለመርዳት እና ለመደገፍ በዚህ አለን።,သင့်ကို ကျွန်ုပ်တို့ ကူညီပံ့ပိုးပေးနိုင်ပါတယ်။,نحن هنا لمساعدتك ودعمك.,我们能够为您提供帮助和支持。
resources_to_assist_with_care,These are resources to assist with care when you are discharged.,Estos son los recursos que lo ayudarán con el cuidado de su niño al dársele de alta.,Estes são recursos para ajudar nos cuidados quando receber alta.,Đây là những nguồn trợ giúp để giúp chăm sóc khi quý vị xuất viện.,Voici des ressources qui vous aideront à prendre soin de votre enfant à sa sortie de l'hôpital.,이러한 자원들은 퇴원 시 도움이 되는 것들입니다.,እነዚህ ከሆስፒታል ሲወጡ እንክብካቤ ላይ የሚያግዙዎት ቁሳቁሶች ናቸው።,​ဆေးရုံဆင်းတဲ့အခါ ကူညီစောင့်ရှောက်ပေးဖို့ ရင်းမြစ်တွေရှိပါတယ်။,هذه موارد للمساعدة في الرعاية عند خروجك من المستشفى.,在您出院之后，这些资源能够帮助您进行护理。
list_of_lowcost_clinics,Here is a listing of pediatricians and low-cost clinics.,Esta es una lista de pediatras y clínicas de bajo costo.,Aqui está uma lista de pediatras e clínicas de baixo custo.,Dưới đây là danh sách các bác sĩ nhi khoa và y viện giá phải chăng. ,Voici une liste de pédiatres et de cliniques à tarif modéré.,다음은 소아과 의사들과 저렴한 진료소 목록입니다.,የሕጻናት ህክምና ስፔሻሊስቶች እና ዝቅተኛ ወጪ የሚጠይቁ ክሊኒኮች ዝርዝር አዝህ ነው።,ကလေးအထူးကုဆရာဝန်တွေ စာရင်းတစ်ခုနဲ့ စျေးနှုန်းချိုသာတဲ့ ဆေးခန်းတွေစာရင်း ဒီမှာပါ။,فيما يأتي قائمة بأطباء الأطفال والعيادات منخفضة التكلفة.,这是儿科医生和经济型诊所的名单列表。
do_you_have_insurance,Do you have insurance?,¿Tiene seguro?,Você tem plano de saúde?,Quý vị có bảo hiểm không?,Avez-vous une assurance maladie?,보험이 있으십니까?,መድህን አልዎት?,အာမခံ လုပ်ထားသလား။,هل لديك تأمين؟,您是否有保险？
does_the_patient_have_insurance,Does the patient have insurance?,¿Tiene seguro el paciente?,O paciente tem plano de saúde?,Bệnh nhân có bảo hiểm không?,Le patient ou la patiente a-t-il ou elle une assurance maladie?,환자에게 보험이 있습니까?,ታካሚው መድህን አለው?,လူနာမှာ အာမခံ ရှိသလား။,هل المريض لديه تأمين؟,患者是否有保险？
hospital_financial_counselor,Here is the phone number for the hospital financial counselor.,Este es el número de teléfono del asesor financiero del hospital.,Aqui está o telefone da consultoria financeira do hospital.,Đây là số điện thoại của cố vấn tài chánh của bệnh viện.,Voici le numéro de téléphone du conseiller financier de l'hôpital.,병원 재정 상담사의 전화번호는 다음과 같습니다.,የሆስፒታሉ የፋይናንስ አማካሪ ስልክ ቁጥር እዚህ ጋር አለ።,​ဆေးရုံ ငွေကြေးအကြံပေးသူရဲ့ ဖုန်းနံပါတ် ဒီမှာပါ။,هذا رقم هاتف المستشار المالي للمستشفى.,这是医院财务顾问的电话号码。
do_you_need_interpreter,Do you need an interpreter?,¿Necesita un intérprete?,Precisa de intérprete?,Quý vị có cần thông dịch viên không? ,Avez-vous besoin d'un interprète?,통역사가 필요하십니까?,አስተርጓሚ ይፈልጋሉ?,စကားပြန် လိုအပ်သလား။,هل تحتاجين إلى مترجم؟,您是否需要口译员？
would_you_like_an_interpreter,Would you like me to call an interpreter?,¿Quisiera que llame a un intérprete?,Quer que eu chame um intérprete?,Quý vị có muốn tôi gọi thông dịch viên không?,Voulez-vous que j'appelle un interprète?,제가 전화로 통역사를 부를까요?,ወደ አስተርጓሚ እንድደውል ይፈልጋሉ?,စကားပြန် ခေါ်ပေးချင်ပါသလား။,هل تودين أن أطلب لك مترجمًا؟,您是否需要我呼叫口译员？
has_doctor_called_with_updates,Has the doctor called you today with an update on your baby?,¿Le ha llamado hoy el médico para darle una actualización sobre su bebé?,O médico ligou hoje para saber como está o bebê?,Hôm nay bác sĩ có gọi cho quý vị để thông báo tin tức về bé không?,Le médecin vous a-t-il appelé aujourd'hui pour vous donner des nouvelles de votre bébé ?,오늘 의사가 아기에 관한 소식을 알려줬습니까?,ሐኪሙ ስለ ልጅዎ አዲስ ነገር ይዞ ዛሬ ደውሎልዎታል?,သင့်ကလေးငယ်နဲ့ပတ်သက်ပြီးပြောဆိုဖို့ ဒီနေ့ ဆရာဝန် ဖုန်းခေါ်ပါသလား။,هل اتصل بكِ الطبيب اليوم ليخبرك بآخر المستجدات بشأن طفلك؟,今天医生有没有打电话告知您宝宝的最新情况？
do_you_have_questions,Do you have any questions?,¿Tiene alguna pregunta?,Alguma pergunta?,Quý vị có thắc mắc gì không?,Avez-vous des questions?,질문이 있으십니까?,ማንኛውም ጥያቄዎች አልዎት?,​မေးစရာ ရှိပါသလား။,هل تودين طرح أي أسئلة؟,您是否有任何疑问？
speak_to_lactation_consultant,Do you want to speak with a lactation consultant (or nurse)?,¿Quiere hablar con un consejero (o enfermero) especializado en lactancia?,Quer falar com a consultoria de lactação (ou a enfermagem)?,Quý vị có muốn nói chuyện với chuyên viên cố vấn về nuôi con bằng sữa mẹ (hoặc y tá) không?,Voulez-vous parler à une consultante en lactation (ou à une infirmière) ?,수유 상담사 또는 간호사와 얘기하고 싶으십니까?,የጡት ወተት አማካሪ (ወይም ነርስ) ጋር ማውራት ይፈልጋሉ?,နို့ရည်အတတ်ပညာရှင်နဲ့ စကားပြောချင်သလား။,هل تودين التحدث مع استشاري الرضاعة (أو الممرضة)؟,您是否想要与哺乳顾问（或护士）交谈？
help_with_oral_care,Do you want to help with oral care?,¿Quiere ayudarnos con el cuidado bucal?,Quer ajudar com os cuidados bucais?,Quý vị có muốn giúp đỡ về chăm sóc răng miệng không?,Voulez-vous aider à faire les soins de la bouche?,구강 관리를 도와주시겠습니까?,የአፍ እንክብካቤ ላይ እርዳታ ይፈልጋሉ?,သွားကျန်းမာရေးနဲ့ပတ်သက်ပြီး အကူအညီလိုသလား။,هل تريدين المساعدة في العناية بالفم؟,您是否想要帮忙进行口腔护理？
want_to_change_diaper,Do you want to help change the diaper?,¿Quiere ayudarnos a cambiar el pañal?,Quer ajudar a trocar a fralda?,Quý vị có muốn giúp đỡ về việc thay tã không?,Voulez-vous aider à changer la couche?,기저기 교체를 도와주시겠습니까?,የዳይፐር አቀያየር ላይ እርዳታ ይፈልጋሉ?,​သေးခံ လဲဖို့ အကူအညီလိုသလား။,هل تريدين المساعدة في تغيير الحفاضة؟,您是否想要帮忙换尿布？
want_to_take_babys_temperature,Do you want to take the baby's temperature?,¿Quiere tomarle la temperatura a su bebé?,Quer tirar a temperatura do bebê?,Quý vị có muốn đo nhiệt độ của em bé không? ,Voulez-vous prendre la température de votre bébé?,아기의 체온 재기를 원하십니까?,የህጻኑን ሙቀት መለካት ይፈልጋሉ?,ကလေးကို အဖျားတိုင်းကြည့်ချင်သလား။,هل تريدين قياس درجة حرارة الطفل؟,您是否想要给宝宝量体温？
want_to_hold_baby,Do you want to hold your baby?,¿Quiere cargar a su bebé?,Quer segurar o bebê?,Quý vị có muốn bồng em bé không?,Voulez-vous tenir votre bébé dans vos bras?,아이를 안고 싶으십니까?,ልጅዎን መያዝ ይፈልጋሉ?,သင့်ကလေးကို ကိုင်ချင်သလား။,هل ترغبين في حمل طفلك؟,您是否想要抱抱您的宝宝？
hold_baby_skin_to_skin,Do you want to hold your baby skin to skin?,¿Quiere cargar a su bebé para que sienta su piel en contacto con la suya?,Quer segurar o bebê fazendo contato com a pele?,Quý vị có muốn bồng con theo kiểu da áp da không?,Voulez-vous tenir votre bébé peau contre peau?,서로 피부가 닿도록 아이를 안고 싶으십니까?,በአካል ለአካል ንክኪ ልጅዎን መያዝ ይፈልጋሉ?,သင်ကလေးကို အသားချင်းထိပြီးနေချင်သလား။,هل ترغبين في حمل طفلك ملامسًا لجلدك؟,您是否想要肌肤相亲地抱抱您的宝宝？
need_more_milk_bottles,Do you need more bottles for your milk for home?,¿Necesita más biberones para su leche en casa?,Precisa de mais mamadeiras para o leite em casa?,Quý vị có cần thêm bình sữa để dùng ở nhà không?,Avez-vous besoin de plus de biberons pour votre lait à la maison?,모유를 짜서 집에 가져가기 위해 병이 더 필요하십니까?,በቤትዎ ለወተት የሚሆኑ ብዙ ጠርሙሶች ይፈልጋሉ?,အိမ်အတွက် နို့ပုလင်း များများ လိုချင်ပါသလား။,هل تحتاجين إلى المزيد من زجاجات الحليب للمنزل؟,您是否需要带更多的瓶子装您的母乳回家？
baby_is_sleeping_ill_come_later,The baby is sleeping I'll come back later,El bebé está durmiendo. Volveré más tarde.,O bebê está dormindo. Volto mais tarde.,Em bé đang ngủ tôi sẽ trở lại sau,Votre bébé dort je reviendrai plus tard.,아기가 자고 있네요. 제가 이따가 다시 오겠습니다,ህጻኑ ተኝቷል በኋላ ተመልሼ እመጣለሁ,ကလေးအိပ်နေတယ်၊ နောက်မှပြန်လာပါမယ်။,الطفل نائم سأعود لاحقا,宝宝正在睡觉，我待会儿再过来
have_questions_about_today,Do you have any questions about what i did with your child today?,¿Tiene alguna pregunta sobre lo que hice hoy con su niño?,Alguma dúvida sobre o que fiz com a criança hoje?,Quý vị có thắc mắc về những gì tôi đã làm với em bé hôm nay không?,Avez-vous des questions sur ce que j'ai fait avec votre enfant aujourd'hui?,제가 오늘 귀하의 아이와 무엇을 했는지 궁금한 점이 있으십니까?,ዛሬ ህጻኑ ጋር ስላደረኩት ነገር ማንኛውም ዓይነት ጥያቄዎች አልዎት?,ဒီနေ့ သင့်ကလေးကို လုပ်ပေးတာနဲ့ပတ်သက်ပြီး မေးစရာများ ရှိပါသလား။,هل لديك أي أسئلة حول ما فعلته مع طفلك اليوم؟,对于我今天给孩子做的诊疗，您是否有任何疑问？
write_next_time_patient_will_eat,Write the next time patient will eat,Escriba la hora de la próxima vez que comerá el paciente.,Escreva a próxima vez que o paciente vai comer,Ghi ra lần tới bệnh nhân sẽ ăn,Écrivez la prochaine fois que le patient mangera.,환자의 다음 식사 시간을 적어주십시오,ታካሚው ቀጣይ የሚበላበትን ሰዓት ይጻፉ,လူနာ နောက်တစ်ကြိမ်စားမယ့်အချိန်ကိုရေးပါ,اكتب المرة القادمة التي سيأكل فيها المريض,请写下患者下次进食的时间
therapy_right_now,Is right now a good time for therapy?,¿Es este un buen momento para la terapia?,Agora é um bom momento para fazer a terapia?,Ngay bây giờ có đúng lúc để trị liệu không? ,Est-ce que maintenant est le bon moment pour le traitement?,지금 치료를 해도 되겠습니까?,ይህ  ሰዓት ለቴራፒ ምቹ ጊዜ ነው?,ကုထုံးလုပ်ဖို့ အခု အဆင်ပြေပါသလား။,هل الوقت مناسب الآن للعلاج؟,现在是否适合进行治疗？
therapy_in_morning,Do you prefer to have therapy in the morning?,¿Prefiere hacer la terapia en la mañana?,Prefere fazer terapia pela manhã?,Quý vị có muốn trị liệu vào buổi sáng không?,Préférez-vous que le traitement ait lieu le matin?,오전에 치료받기를 원하십니까?,ቴራፒ በጠዋት እንዲሰጥዎት ይመርጣሉ?,မနက်ပိုင်းမှာ ကုထုံးလုပ်ချင်ပါသလား။,هل تفضلين العلاج في الصباح؟,您是否更希望在上午接受治疗？
therapy_in_afternooon,Do you prefer to have therapy in the afternoon?,¿Prefiere hacer la terapia en la tarde?,Prefere fazer terapia à tarde?,Quý vị có muốn trị liệu vào buổi chiều không?,Préférez-vous que le traitement ait lieu l'après-midi?,오후에 치료받기를 원하십니까?,ቴራፒ ከሰዓት በኀላ እንዲሰጥዎት ይመርጣሉ?,​နေ့လည်ပိုင်းမှာ ကုထုံးလုပ်ချင်ပါသလား။,هل تفضلين العلاج في فترة ما بعد الظهر؟,您是否更希望在下午接受治疗？
see_how_child_plays,I'd like to see how your child plays,Quisiera ver cómo juega su niño.,Eu gostaria de ver como a criança brinca,Tôi muốn xem bé chơi như thế nào,J'aimerais voir comment votre enfant joue.,아이가 어떻게 노는지 보고 싶습니다,ልጅዎ እንዴት እንደሚጫወት ማየት እፈልጋለሁ,သင့််ကလေး ကစားနေတာကို ကြည့်ချင်ပါတယ်,أود أن أرى كيف يلعب طفلك,我想看看您的孩子如何玩耍
do_you need_help,Do you need help?,¿Necesita ayuda?,Precisa de ajuda?,Quý vị có cần giúp đỡ không? ,Avez-vous besoin d'aide?,도움이 필요하십니까?,እርዳታ ይፈልጋሉ?,အကူအညီ လိုပါသလား။,هل تحتاجين مساعدة؟,您是否需要帮助？
need_to_see_nurse,Do you need to see a nurse?,¿Necesita que venga un enfermero?,Precisa da enfermagem?,Quý vị có cần gặp y tá không?,Avez-vous besoin de voir une infirmière?,간호사가 필요하십니까?,ነርስ ማግኘት  ይፈልጋሉ?,သူနာပြုကို တွေ့ချင်ပါသလား။,هل تحتاجين لرؤية ممرضة؟,您是否需要去看一下护士？
use_mechanical_lift_to_move_child,Are you comfortable using the mechanical lift to move your child?,¿Se siente cómodo al usar el elevador mecánico para mover a su niño?,Você se sente à vontade para usar o elevador mecânico e transportar a criança?,Quý vị có thấy thoải mái khi sử dụng xe nâng cơ học để di chuyển em bé không?,Vous sentez-vous à l'aise pour utiliser le lève-personne mécanique pour déplacer votre enfant?,기계식 리프트로 아이를 옮기는 것이 편하신가요?,ልጅዎን ለማንቀሳቀስ የመካኒካል ሊፍቱን በመጠቀምዎ ምቾት ይሰማዎታል?,သင့်ကလေးကို ရွှေ့ပေးဖို့ ပင့်မစက်သုံးတာ အဆင်ပြေရဲ့လား။,هل لديك مشكلة في استخدام المصعد الميكانيكي لتحريك طفلك؟,您是否接受我们用机械升降机移动您的孩子？
interpreter_on_the_way,The interpreter is on their way,El intérprete está en camino.,O intérprete está a caminho,Người thông dịch đang trên đường đến ,L'interprète va arriver rapidement.,통역사가 오는 중입니다,አስተርጓሚው መንገድ ላይ ነው,စကားပြန် လာနေပါတယ်,المترجم قادم الآن,口译员正在过来的路上
had_liquids,Has your child had any milk or yogurt or orange juice or chicken broth?,¿Ha tomado su niño leche yogur jugo de naranja o caldo de pollo?,A criança tomou leite iogurte suco de laranja ou caldo de galinha?,Bé đã có uống sữa sữa chua nước cam hay nước súp gà gì không?,Votre enfant a-t-il bu du lait du jus d'orange du bouillon de poulet ou mangé du yaourt?,아이가 우유나 요구르트 오렌지 주스 또는 닭고기 국물을 먹은 적이 있습니까?,ልጅዎ ማንኛውንም ዓይነት ወተት ወይም እርጎ ወይም የብርቱካን ጭማቂ ወይም የዶሮ መረቅ ወስዶ ያውቃል?,သင့်ကလေး နို့၊ ဒိန်ချဥ်၊ လိမ္မော်ရည် ဒါမှမဟုတ် ကြက်စွပ်ပြုတ် သောက်ပြီးပြီလား။,هل تناول طفلك أي حليب أو زبادي أو عصير برتقال أو مرق دجاج؟,您的孩子喝了牛奶、酸奶、橙汁或鸡汤吗？
had_thickener,Did you give your baby any thickener?,¿Le dio algún espesante a su bebé?,Você deu algum espessante para o bebê?,Quý vị có đã cho bé uống chất làm đặc nào không?,Avez-vous donné à votre bébé un additif épaississant?,아기에게 증점제(식품의 점도를 증가시키는 첨가물 Thickener)를 주셨습니까?,ለልጅዎ ማንኛውንም ዓይነት የሰገራ ማወፈሪያ ሰጥተው ያውቃሉ? ,သင့်ကလေးကို ခပ်ပျစ်ပျစ် တစ်ခုခု တိုက်ပြီးပြီလား။,هل أعطيت طفلك أي مُكثف قوام؟,您给宝宝吃过增稠剂吗？
has_allergies,Does the child have any allergies?,¿Tiene su niño alguna alergia?,A criança tem alguma alergia?,Bé có bị dị ứng gì không?,L'enfant a-t-il des allergies?,아이에게 알레르기가 있습니까?,ልጁ የሆነ አለርጂ አለበት?,သင့်ကလေးမှာ ဓါတ်မတည့်မှု တစ်ခုခုရှိလား။,هل يعاني الطفل أي حساسية؟,孩子是否有过敏史？
has_fever,Is your child running a fever?,¿Tiene fiebre su niño?,A criança está com febre?,Bé có bị sốt không?,Votre enfant a-t-il ou elle de la fièvre?,아이에게 열이 있습니까?,ልጅዎ ትኩሳት አለው?,သင့်ကလေး အဖျားတက်နေသလား။,هل يعاني طفلك حُمى؟,您的孩子发烧了吗？
gone_to_washroom,Has your child gone to the washroom?,¿Ha ido al baño su niño?,A criança foi ao banheiro?,Bé đã đi vệ sinh chưa?,Votre enfant est-il ou elle allé aux toilettes?,아이가 화장실에 갔다 왔습니까?,ልጅዎ ወደ መታጠቢያ ክፍል ሄዶ ነበር?,သင့်ကလေး အိမ်သာ တက်လား။,هل ذهب طفلك إلى الحمام؟,您的孩子上厕所了吗？
how_long,For how long?,¿Hace cuánto?,Por quanto tempo?,Trong bao lâu? ,Pendant combien de temps est-il ou elle resté(e) aux toilettes?,얼마 동안 있었나요?,ለምን ያክል ጊዜ?,ဘယ်လောက်ကြာလဲ။,منذ متى؟,多久了？
has_vomitted,Has your child been vomiting?,¿Ha estado vomitando su niño?,A criança tem vomitado?,Bé có bị ói mửa không?,Votre enfant a-t-il ou elle vomi?,아이가 구토를 했습니까?,ልጅዎ እያስታወከ ነበር?,သင့်ကလေး အန်ပါသလား။,هل كان طفلك يتقيأ؟,您的孩子呕吐了吗？
will_tell_doctor,I will let the doctor know,Se lo informaré al médico.,Vou avisar o médico,Tôi sẽ cho bác sĩ biết,J'en informerai le médecin.,제가 의사에게 알리겠습니다,ለሐኪሙ እነግረዋለሁ,ဆရာဝန်ကို ပြောပြလိုက်ပါမယ်။,سأُبلغ الطبيب,我会告知医生的
is_everything_okay,Is everything okay?,¿Está todo bien?,Está tudo bem?,Mọi chuyện ổn chứ?,Est-ce que tout va bien?,괜찮습니까?,ሁሉም ሰላም ነው?,အဆင်ပြေရဲ့လား။,هل كل شيء على ما يرام؟,一切都还好吗？
bring_car_to_door,Bring your car up to the door,Traiga su vehículo hasta la puerta.,Traga o carro até a porta,Quý vị hãy lái xe đến tận cửa,Rapprochez votre voiture de la porte.,차를 문 앞으로 가져오십시오,መኪናዎን ወደ በሩ ያምጡ,ကားကို တံခါးနားအထိ မောင်းလာပါ။,أحضري سيارتك أمام الباب,请将车子开到门口
where_is_car,Do you remember where you parked your car?,¿Recuerda dónde estacionó su vehículo?,Você se lembra onde estacionou seu carro?,Quý vị có nhớ mình đã đậu xe ở đâu không?,Vous souvenez-vous de l'endroit où vous avez garé votre voiture?,차를 어디에 주차했는지 기억하십니까?,መኪናዎትን የት እንዳቆሙ ያስታውሳሉ?,ကားဘယ်မှာရပ်ထားလဲဆိုတာ မှတ်မိလား။,هل تتذكرين أين أوقفت سيارتك؟,您还记得您把车停在哪里了吗？
i_will_wait,I will wait with your child,Esperaré con su niño.,Eu fico aqui esperando com a criança,Tôi sẽ đợi cùng bé tại đây,Je vais attendre avec votre enfant.,제가 귀하의 자녀와 함께 기다리겠습니다,ከልጅዎ ጋር እጠብቅዎታለሁ,ကျွန်ုပ် သင့်ကလေးနဲ့အတူ စောင့်နေပါ့မယ်။,سأنتظر برفقة طفلك,我会和您的孩子一起等待
what_time,What time?,¿A qué hora?,A que horas?,Mấy giờ? ,A quelle heure?,몇 시에요?,ስንት ሰዓት?,ဘယ်အချိန်လဲ။,متى؟,什么时候？
come_this_way,Come this way,Venga por acá.,Venha por aqui,Đi lối này ,Venez par ici.,이쪽으로 오십시오,በዚህ በኩል ይምጡ,ဒီလမ်းအတိုင်း လာပါ။,من هذا الاتجاه,请往这边走
getting_operation_updates,Are you getting updates from the operation room?,¿Lo está manteniendo al día el personal del quirófano?,Está recebendo atualizações da sala de cirurgia?,Quý vị có nhận được thông tin cập nhật từ phòng giải phẫu không?,Avez-vous des nouvelles provenant de la salle d'opération?,수술실로부터 진행 상황에 대해 들으셨습니까?,ከቀዶ ጥገና ክፍል አዲስ መረጃዎች እያገኙ ነው?,ခွဲစိတ်ခန်းမှ နောက်ဆုံးသတင်း ရပါသလား။,هل تتلقين تحديثات من غرفة العمليات؟,手术室那边有给您什么新消息吗？
observer_in_room_okay,Is it okay to have an observer in the room?,¿Está bien que haya un observador en la habitación?,Um observador pode ficar na sala?,Quý vị cho phép có người quan sát trong phòng được không?,La présence d'un observateur dans la salle pose-t-elle un problème?,방에 참관하는 사람이 있어도 괜찮으십니까?,ክፍል ውስጥ ተመልካች ቢኖር ችግር አለው?,အခန်းထဲကို လိုက်ကြည့်ပေးမယ့်သူ လာနိုင်ပါသလား။,هل توجد مشكلة بتواجد متابع في الغرفة؟,房间里可以有观察员吗？
do_you_understand,Do you understand?,¿Entiende?,Está entendendo?,Quý vị hiểu không? ,Vous comprenez ce que je veux dire ?,이해하십니까?,ይገባዎታል?,နားလည်လား။,هل تعي ما أقول؟,您明白了吗？
you_cant_eat_this,You can't eat this,No puede comer esto,Não pode comer isso,Quý vị không thể ăn cái này ,Vous ne pouvez pas manger cela.,이걸 드시면 안 됩니다,ይህን መመገብ አይችሉም,ဒါ မစားနိုင်ပါဘူး။,لا يمكنك تناول هذا,您不能吃这个
my_name_is,My name is _________.,Mi nombre es ______________.,Meu nome é _________.,Tôi tên là _________.,Je m'appelle _________.,제 이름은 _________ 입니다.,ስሜ _________ ይባላል።,ကျွန်တော့်နာမည်______________ ဖြစ်ပါတယ်။,اسمي _________.,我的名字是 _________。
want_to_talk_to_social_worker,Do you want to talk to a social worker?,¿Quiere hablar con un trabajador social?,Quer falar com um assistente social?,Quý vị có muốn nói chuyện với nhân viên xã hội không? ,Voulez-vous parler à un(e) assistant(e) social(e)?,사회복지사와 얘기하고 싶으십니까?,ማህበራዊ ሰራተኛ ማነጋገር ይፈልጋሉ?,လူမှုလုပ်သားနဲ့ စကားပြောချင်ပါသလား။,هل تود التحدث إلى مسؤول خدمات اجتماعية؟,您想跟社工谈谈吗？
how_much_pee,How much did you pee?,¿Cuánto orinó?,Quanto você urinou?,Quý vị đã đi tiểu được bao nhiêu?,Quelle quantité de pipi avez-vous fait ?,소변을 얼마나 누셨나요?,ምን ያክል ሸንተዋል?,​သေး ဘယ်လောက်များများ ပေါက်လိုက်သလဲ။,كم مرة تبولت؟,您排了多少尿？
dont_toss_pee,Don't toss the pee we will take care of it,No bote la orina. Nosotros nos encargaremos de eso.,Não jogue o xixi fora. Nós cuidamos disso.,Đừng đổ nước tiểu đi chúng tôi sẽ lo việc đó,Ne tirez pas la chasse d'eau nous nous en occuperons.,소변을 치우지 마십시오. 저희가 처리하겠습니다,ሽንትዎን አይድፉት እኛ እንደሚሆን እናደርገዋለን,သေးကို သွန်မပစ်လိုက်ပါနဲ့၊ ကျွန်တော်တို့ စီမံပါ့မယ်။,لا تتخلص من البول، فسوف نتعامل معه,请不要乱扔尿液，我们会处理的
use_the_urinal,Make sure to use the urinal,Asegúrese de usar el orinal.,Lembre-se de usar o mictório,Xin nhớ dùng dụng cụ đi tiểu,Utilisez bien l'urinal.,꼭 소변기를 사용하십시오,የሽንት መሽኛ ዕቃውን መጠቀምዎን ያረጋግጡ,​သေးပေါက်တဲ့ ဇလားခွက်ထဲ ပေါက်ပါ,احرص على استخدام المبولة,请一定要使用小便池
call_me_to_check,Call me to check it,Llámeme para verificarlo.,Ligue para mim para verificar,Xin gọi tôi để tới kiểm tra ,Appelez-moi pour vérifier.,확인하시려면 저에게 전화를 주십시오,እንድመለከተው ይደውሉልኝ,စစ်ဆေးဖို့ ကျွန်တော့်ကို ခေါ်ပါ,اطلبني لتفقدها,请通知我来检查
